-- phpMyAdmin SQL Dump
-- version 4.1.14
-- http://www.phpmyadmin.net
--
-- Host: 127.0.0.1
-- Generation Time: Jan 06, 2017 at 07:37 AM
-- Server version: 5.6.25-log
-- PHP Version: 5.5.12

SET SQL_MODE = "NO_AUTO_VALUE_ON_ZERO";
SET time_zone = "+00:00";


/*!40101 SET @OLD_CHARACTER_SET_CLIENT=@@CHARACTER_SET_CLIENT */;
/*!40101 SET @OLD_CHARACTER_SET_RESULTS=@@CHARACTER_SET_RESULTS */;
/*!40101 SET @OLD_COLLATION_CONNECTION=@@COLLATION_CONNECTION */;
/*!40101 SET NAMES utf8 */;

--
-- Database: `jfahome`
--

-- --------------------------------------------------------

--
-- Table structure for table `comments`
--

CREATE TABLE IF NOT EXISTS `comments` (
  `comm_code` int(11) NOT NULL AUTO_INCREMENT,
  `comm_title` varchar(150) COLLATE utf8_unicode_ci NOT NULL,
  `comm_url_slug` varchar(150) COLLATE utf8_unicode_ci NOT NULL,
  `comm_name` varchar(100) COLLATE utf8_unicode_ci NOT NULL,
  `comm_email` varchar(255) COLLATE utf8_unicode_ci NOT NULL,
  `comment` varchar(15000) COLLATE utf8_unicode_ci NOT NULL,
  `cat_code` int(2) DEFAULT NULL,
  `sub_code` int(2) DEFAULT NULL,
  `post_code` int(8) DEFAULT NULL,
  `approved` varchar(1) COLLATE utf8_unicode_ci NOT NULL,
  `comm_date` datetime NOT NULL,
  `comm_order` int(11) DEFAULT NULL,
  PRIMARY KEY (`comm_code`)
) ENGINE=InnoDB DEFAULT CHARSET=utf8 COLLATE=utf8_unicode_ci AUTO_INCREMENT=1 ;

-- --------------------------------------------------------

--
-- Table structure for table `company_info`
--

CREATE TABLE IF NOT EXISTS `company_info` (
  `comp_name` varchar(80) COLLATE utf8_unicode_ci NOT NULL,
  `comp_web_title` varchar(60) COLLATE utf8_unicode_ci NOT NULL,
  `comp_address` varchar(250) COLLATE utf8_unicode_ci DEFAULT NULL,
  `comp_hotline` varchar(40) COLLATE utf8_unicode_ci DEFAULT NULL,
  `comp_phone` varchar(150) COLLATE utf8_unicode_ci DEFAULT NULL,
  `comp_fax` varchar(40) COLLATE utf8_unicode_ci DEFAULT NULL,
  `comp_email` varchar(250) COLLATE utf8_unicode_ci NOT NULL,
  `comp_email2` varchar(250) COLLATE utf8_unicode_ci DEFAULT NULL,
  `comp_domain` varchar(80) COLLATE utf8_unicode_ci NOT NULL,
  `comp_google_map` varchar(500) COLLATE utf8_unicode_ci DEFAULT NULL,
  `comp_google_map_size` varchar(45) COLLATE utf8_unicode_ci DEFAULT NULL,
  `comp_skype` varchar(200) COLLATE utf8_unicode_ci DEFAULT NULL,
  `comp_fb` varchar(200) COLLATE utf8_unicode_ci DEFAULT NULL,
  `comp_tw` varchar(200) COLLATE utf8_unicode_ci DEFAULT NULL,
  `comp_gplus` varchar(200) COLLATE utf8_unicode_ci DEFAULT NULL,
  `comp_yt` varchar(200) COLLATE utf8_unicode_ci DEFAULT NULL,
  PRIMARY KEY (`comp_name`,`comp_domain`),
  UNIQUE KEY `comp_email_UNIQUE` (`comp_email`),
  UNIQUE KEY `comp_domain_UNIQUE` (`comp_domain`)
) ENGINE=InnoDB DEFAULT CHARSET=utf8 COLLATE=utf8_unicode_ci;

--
-- Dumping data for table `company_info`
--

INSERT INTO `company_info` (`comp_name`, `comp_web_title`, `comp_address`, `comp_hotline`, `comp_phone`, `comp_fax`, `comp_email`, `comp_email2`, `comp_domain`, `comp_google_map`, `comp_google_map_size`, `comp_skype`, `comp_fb`, `comp_tw`, `comp_gplus`, `comp_yt`) VALUES
('Jude Fernandopulle Associates<br/><span>(Private) Limited</span>', 'Jude Fernandopulle Associates (Pvt) Ltd.', 'No.165, Colombo Road, \r\nNegombo,\r\nSri Lanka.', '+94 777 165 165', '+94 31 222 8700,  +94 31 222 8900', '+94 31 222 4942  ', 'info@jfalanka.com', '', 'jfalanka.com', 'https://www.google.com/maps/embed?', 'large-top', '', 'https://facebook.com', 'https://twitter.com', 'https://google.com', 'https://www.youtube.com');

-- --------------------------------------------------------

--
-- Table structure for table `config_options`
--

CREATE TABLE IF NOT EXISTS `config_options` (
  `config_com_name` varchar(45) COLLATE utf8_unicode_ci NOT NULL,
  `config_url` varchar(45) COLLATE utf8_unicode_ci DEFAULT NULL,
  `config_hotline` varchar(45) COLLATE utf8_unicode_ci DEFAULT NULL,
  `config_email` varchar(150) COLLATE utf8_unicode_ci DEFAULT NULL,
  `config_version` varchar(10) COLLATE utf8_unicode_ci NOT NULL,
  PRIMARY KEY (`config_com_name`,`config_version`)
) ENGINE=InnoDB DEFAULT CHARSET=utf8 COLLATE=utf8_unicode_ci;

--
-- Dumping data for table `config_options`
--

INSERT INTO `config_options` (`config_com_name`, `config_url`, `config_hotline`, `config_email`, `config_version`) VALUES
('SL Web Creations', 'http://slwebcreations.com', '+94 11 303 1232', 'info@slwebcreations.com', '1.7');

-- --------------------------------------------------------

--
-- Table structure for table `countries`
--

CREATE TABLE IF NOT EXISTS `countries` (
  `country_id` int(5) NOT NULL AUTO_INCREMENT,
  `iso2` char(2) CHARACTER SET latin1 DEFAULT NULL,
  `short_name` varchar(80) CHARACTER SET latin1 NOT NULL DEFAULT '',
  `long_name` varchar(80) CHARACTER SET latin1 NOT NULL DEFAULT '',
  `iso3` char(3) CHARACTER SET latin1 DEFAULT NULL,
  `numcode` smallint(6) DEFAULT NULL,
  `un_member` varchar(12) CHARACTER SET latin1 DEFAULT NULL,
  PRIMARY KEY (`country_id`)
) ENGINE=MyISAM  DEFAULT CHARSET=utf8 COLLATE=utf8_unicode_ci AUTO_INCREMENT=246 ;

--
-- Dumping data for table `countries`
--

INSERT INTO `countries` (`country_id`, `iso2`, `short_name`, `long_name`, `iso3`, `numcode`, `un_member`) VALUES
(1, 'AF', 'Afghanistan', 'Islamic Republic of Afghanistan', 'AFG', 4, 'yes'),
(2, 'AL', 'Albania', 'Republic of Albania', 'ALB', 8, 'yes'),
(3, 'DZ', 'Algeria', 'People''s Democratic Republic of Algeria', 'DZA', 12, 'yes'),
(4, 'AS', 'American Samoa', 'American Samoa', 'ASM', 16, 'no'),
(5, 'AD', 'Andorra', 'Principality of Andorra', 'AND', 20, 'yes'),
(6, 'AO', 'Angola', 'Republic of Angola', 'AGO', 24, 'yes'),
(7, 'AI', 'Anguilla', 'Anguilla', 'AIA', 660, 'no'),
(8, 'AQ', 'Antarctica', 'Antarctica', NULL, NULL, 'no'),
(9, 'AG', 'Antigua and Barbuda', 'Antigua and Barbuda', 'ATG', 28, 'yes'),
(10, 'AR', 'Argentina', 'Argentine Republic', 'ARG', 32, 'yes'),
(11, 'AM', 'Armenia', 'Republic of Armenia', 'ARM', 51, 'yes'),
(12, 'AW', 'Aruba', 'Aruba', 'ABW', 533, 'no'),
(13, 'AU', 'Australia', 'Commonwealth of Australia', 'AUS', 36, 'yes'),
(14, 'AT', 'Austria', 'Republic of Austria', 'AUT', 40, 'yes'),
(15, 'AZ', 'Azerbaijan', 'Republic of Azerbaijan', 'AZE', 31, 'yes'),
(16, 'BS', 'Bahamas', 'Commonwealth of The Bahamas', 'BHS', 44, 'yes'),
(17, 'BH', 'Bahrain', 'Kingdom of Bahrain', 'BHR', 48, 'yes'),
(18, 'BD', 'Bangladesh', 'People''s Republic of Bangladesh', 'BGD', 50, 'yes'),
(19, 'BB', 'Barbados', 'Barbados', 'BRB', 52, 'yes'),
(20, 'BY', 'Belarus', 'Republic of Belarus', 'BLR', 112, 'yes'),
(21, 'BE', 'Belgium', 'Kingdom of Belgium', 'BEL', 56, 'yes'),
(22, 'BZ', 'Belize', 'Belize', 'BLZ', 84, 'yes'),
(23, 'BJ', 'Benin', 'Republic of Benin', 'BEN', 204, 'yes'),
(24, 'BM', 'Bermuda', 'Bermuda Islands', 'BMU', 60, 'no'),
(25, 'BT', 'Bhutan', 'Kingdom of Bhutan', 'BTN', 64, 'yes'),
(26, 'BO', 'Bolivia', 'Plurinational State of Bolivia', 'BOL', 68, 'yes'),
(27, 'BA', 'Bosnia and Herzegovina', 'Bosnia and Herzegovina', 'BIH', 70, 'yes'),
(28, 'BW', 'Botswana', 'Republic of Botswana', 'BWA', 72, 'yes'),
(29, 'BV', 'Bouvet Island', 'Bouvet Island', 'BVT', 74, 'no'),
(30, 'BR', 'Brazil', 'Federative Republic of Brazil', 'BRA', 76, 'yes'),
(31, 'IO', 'British Indian Ocean Territory', 'British Indian Ocean Territory', 'IOT', 86, 'no'),
(32, 'BN', 'Brunei', 'State of Brunei Darussalam', 'BRN', 96, 'yes'),
(33, 'BG', 'Bulgaria', 'Republic of Bulgaria', 'BGR', 100, 'yes'),
(34, 'BF', 'Burkina Faso', 'Burkina Faso', 'BFA', 854, 'yes'),
(35, 'BI', 'Burundi', 'Republic of Burundi', 'BDI', 108, 'yes'),
(36, 'KH', 'Cambodia', 'Kingdom of Cambodia', 'KHM', 116, 'yes'),
(37, 'CM', 'Cameroon', 'Republic of Cameroon', 'CMR', 120, 'yes'),
(38, 'CA', 'Canada', 'Canada', 'CAN', 124, 'yes'),
(39, 'CV', 'Cape Verde', 'Republic of Cape Verde', 'CPV', 132, 'yes'),
(40, 'KY', 'Cayman Islands', 'The Cayman Islands', 'CYM', 136, 'no'),
(41, 'CF', 'Central African Republic', 'Central African Republic', 'CAF', 140, 'yes'),
(42, 'TD', 'Chad', 'Republic of Chad', 'TCD', 148, 'yes'),
(43, 'CL', 'Chile', 'Republic of Chile', 'CHL', 152, 'yes'),
(44, 'CN', 'China', 'People''s Republic of China', 'CHN', 156, 'yes'),
(45, 'CX', 'Christmas Island', 'Christmas Island', 'CXR', 162, 'no'),
(46, 'CC', 'Cocos (Keeling) Islands', 'Cocos (Keeling) Islands', 'CCK', 166, 'no'),
(47, 'CO', 'Colombia', 'Republic of Colombia', 'COL', 170, 'yes'),
(48, 'KM', 'Comoros', 'Union of the Comoros', 'COM', 174, 'yes'),
(49, 'CG', 'Congo', 'Republic of the Congo', 'COG', 178, 'yes'),
(50, 'CD', 'Democratic Republic of the Congo', 'Democratic Republic of the Congo', 'COD', 180, 'yes'),
(51, 'CK', 'Cook Islands', 'Cook Islands', 'COK', 184, 'no'),
(52, 'CR', 'Costa Rica', 'Republic of Costa Rica', 'CRI', 188, 'yes'),
(53, 'CI', 'Cote d''ivoire', 'C&ocirc;te D''Ivoire', 'CIV', 384, 'yes'),
(54, 'HR', 'Croatia', 'Republic of Croatia', 'HRV', 191, 'yes'),
(55, 'CU', 'Cuba', 'Republic of Cuba', 'CUB', 192, 'yes'),
(56, 'CY', 'Cyprus', 'Republic of Cyprus', 'CYP', 196, 'yes'),
(57, 'CZ', 'Czech Republic', 'Czech Republic', 'CZE', 203, 'yes'),
(58, 'DK', 'Denmark', 'Kingdom of Denmark', 'DNK', 208, 'yes'),
(59, 'DJ', 'Djibouti', 'Republic of Djibouti', 'DJI', 262, 'yes'),
(60, 'DM', 'Dominica', 'Commonwealth of Dominica', 'DMA', 212, 'yes'),
(61, 'DO', 'Dominican Republic', 'Dominican Republic', 'DOM', 214, 'yes'),
(62, 'EC', 'Ecuador', 'Republic of Ecuador', 'ECU', 218, 'yes'),
(63, 'EG', 'Egypt', 'Arab Republic of Egypt', 'EGY', 818, 'yes'),
(64, 'SV', 'El Salvador', 'Republic of El Salvador', 'SLV', 222, 'yes'),
(65, 'GQ', 'Equatorial Guinea', 'Republic of Equatorial Guinea', 'GNQ', 226, 'yes'),
(66, 'ER', 'Eritrea', 'State of Eritrea', 'ERI', 232, 'yes'),
(67, 'EE', 'Estonia', 'Republic of Estonia', 'EST', 233, 'yes'),
(68, 'ET', 'Ethiopia', 'Federal Democratic Republic of Ethiopia', 'ETH', 231, 'yes'),
(69, 'FK', 'Falkland Islands (Malvinas)', 'The Falkland Islands (Malvinas)', 'FLK', 238, 'no'),
(70, 'FO', 'Faroe Islands', 'The Faroe Islands', 'FRO', 234, 'no'),
(71, 'FJ', 'Fiji', 'Republic of the Fiji Islands', 'FJI', 242, 'yes'),
(72, 'FI', 'Finland', 'Republic of Finland', 'FIN', 246, 'yes'),
(73, 'FR', 'France', 'French Republic', 'FRA', 250, 'yes'),
(74, 'GF', 'French Guiana', 'French Guiana', 'GUF', 254, 'no'),
(75, 'PF', 'French Polynesia', 'French Polynesia', 'PYF', 258, 'no'),
(76, 'TF', 'French Southern Territories', 'French Southern Territories', 'ATF', 260, 'no'),
(77, 'GA', 'Gabon', 'Gabonese Republic', 'GAB', 266, 'yes'),
(78, 'GM', 'Gambia', 'Republic of The Gambia', 'GMB', 270, 'yes'),
(79, 'GE', 'Georgia', 'Georgia', 'GEO', 268, 'yes'),
(80, 'DE', 'Germany', 'Federal Republic of Germany', 'DEU', 276, 'yes'),
(81, 'GH', 'Ghana', 'Republic of Ghana', 'GHA', 288, 'yes'),
(82, 'GI', 'Gibraltar', 'Gibraltar', 'GIB', 292, 'no'),
(83, 'GR', 'Greece', 'Hellenic Republic', 'GRC', 300, 'yes'),
(84, 'GL', 'Greenland', 'Greenland', 'GRL', 304, 'no'),
(85, 'GD', 'Grenada', 'Grenada', 'GRD', 308, 'yes'),
(86, 'GP', 'Guadaloupe', 'Guadeloupe', 'GLP', 312, 'no'),
(87, 'GU', 'Guam', 'Guam', 'GUM', 316, 'no'),
(88, 'GT', 'Guatemala', 'Republic of Guatemala', 'GTM', 320, 'yes'),
(89, 'GN', 'Guinea', 'Republic of Guinea', 'GIN', 324, 'yes'),
(90, 'GW', 'Guinea-Bissau', 'Republic of Guinea-Bissau', 'GNB', 624, 'yes'),
(91, 'GY', 'Guyana', 'Co-operative Republic of Guyana', 'GUY', 328, 'yes'),
(92, 'HT', 'Haiti', 'Republic of Haiti', 'HTI', 332, 'yes'),
(93, 'HM', 'Heard Island and McDonald Islands', 'Heard Island and McDonald Islands', 'HMD', 334, 'no'),
(94, 'VA', 'Vatican City', 'State of the Vatican City', 'VAT', 336, 'no'),
(95, 'HN', 'Honduras', 'Republic of Honduras', 'HND', 340, 'yes'),
(96, 'HK', 'Hong Kong', 'Hong Kong', 'HKG', 344, 'no'),
(97, 'HU', 'Hungary', 'Republic of Hungary', 'HUN', 348, 'yes'),
(98, 'IS', 'Iceland', 'Republic of Iceland', 'ISL', 352, 'yes'),
(99, 'IN', 'India', 'Republic of India', 'IND', 356, 'yes'),
(100, 'ID', 'Indonesia', 'Republic of Indonesia', 'IDN', 360, 'yes'),
(101, 'IR', 'Iran', 'Islamic Republic of Iran', 'IRN', 364, 'yes'),
(102, 'IQ', 'Iraq', 'Republic of Iraq', 'IRQ', 368, 'yes'),
(103, 'IE', 'Ireland', 'Ireland', 'IRL', 372, 'yes'),
(104, 'IL', 'Israel', 'State of Israel', 'ISR', 376, 'yes'),
(105, 'IT', 'Italy', 'Italian Republic', 'ITA', 380, 'yes'),
(106, 'JM', 'Jamaica', 'Jamaica', 'JAM', 388, 'yes'),
(107, 'JP', 'Japan', 'Japan', 'JPN', 392, 'yes'),
(108, 'JO', 'Jordan', 'Hashemite Kingdom of Jordan', 'JOR', 400, 'yes'),
(109, 'KZ', 'Kazakhstan', 'Republic of Kazakhstan', 'KAZ', 398, 'yes'),
(110, 'KE', 'Kenya', 'Republic of Kenya', 'KEN', 404, 'yes'),
(111, 'KI', 'Kiribati', 'Republic of Kiribati', 'KIR', 296, 'yes'),
(112, 'KP', 'North Korea', 'Democratic People''s Republic of Korea', 'PRK', 408, 'yes'),
(113, 'KR', 'South Korea', 'Republic of Korea', 'KOR', 410, 'yes'),
(114, 'KW', 'Kuwait', 'State of Kuwait', 'KWT', 414, 'yes'),
(115, 'KG', 'Kyrgyzstan', 'Kyrgyz Republic', 'KGZ', 417, 'yes'),
(116, 'LA', 'Laos', 'Lao People''s Democratic Republic', 'LAO', 418, 'yes'),
(117, 'LV', 'Latvia', 'Republic of Latvia', 'LVA', 428, 'yes'),
(118, 'LB', 'Lebanon', 'Republic of Lebanon', 'LBN', 422, 'yes'),
(119, 'LS', 'Lesotho', 'Kingdom of Lesotho', 'LSO', 426, 'yes'),
(120, 'LR', 'Liberia', 'Republic of Liberia', 'LBR', 430, 'yes'),
(121, 'LY', 'Libya', 'Socialist People''s Libyan Arab Great Jamahiriya', 'LBY', 434, 'yes'),
(122, 'LI', 'Liechtenstein', 'Principality of Liechtenstein', 'LIE', 438, 'yes'),
(123, 'LT', 'Lithuania', 'Republic of Lithuania', 'LTU', 440, 'yes'),
(124, 'LU', 'Luxembourg', 'Grand Duchy of Luxembourg', 'LUX', 442, 'yes'),
(125, 'MO', 'Macao', 'The Macao Special Administrative Region', 'MAC', 446, 'no'),
(126, 'MK', 'Macedonia', 'The Former Yugoslav Republic of Macedonia', 'MKD', 807, 'yes'),
(127, 'MG', 'Madagascar', 'Republic of Madagascar', 'MDG', 450, 'yes'),
(128, 'MW', 'Malawi', 'Republic of Malawi', 'MWI', 454, 'yes'),
(129, 'MY', 'Malaysia', 'Malaysia', 'MYS', 458, 'yes'),
(130, 'MV', 'Maldives', 'Republic of Maldives', 'MDV', 462, 'yes'),
(131, 'ML', 'Mali', 'Republic of Mali', 'MLI', 466, 'yes'),
(132, 'MT', 'Malta', 'Republic of Malta', 'MLT', 470, 'yes'),
(133, 'MH', 'Marshall Islands', 'Republic of the Marshall Islands', 'MHL', 584, 'yes'),
(134, 'MQ', 'Martinique', 'Martinique', 'MTQ', 474, 'no'),
(135, 'MR', 'Mauritania', 'Islamic Republic of Mauritania', 'MRT', 478, 'yes'),
(136, 'MU', 'Mauritius', 'Republic of Mauritius', 'MUS', 480, 'yes'),
(137, 'YT', 'Mayotte', 'Mayotte', 'MYT', 175, 'no'),
(138, 'MX', 'Mexico', 'United Mexican States', 'MEX', 484, 'yes'),
(139, 'FM', 'Micronesia', 'Federated States of Micronesia', 'FSM', 583, 'yes'),
(140, 'MD', 'Moldava', 'Republic of Moldova', 'MDA', 498, 'yes'),
(141, 'MC', 'Monaco', 'Principality of Monaco', 'MCO', 492, 'yes'),
(142, 'MN', 'Mongolia', 'Mongolia', 'MNG', 496, 'yes'),
(143, 'ME', 'Montenegro', 'Montenegro', 'MNE', 499, 'yes'),
(144, 'MS', 'Montserrat', 'Montserrat', 'MSR', 500, 'no'),
(145, 'MA', 'Morocco', 'Kingdom of Morocco', 'MAR', 504, 'yes'),
(146, 'MZ', 'Mozambique', 'Republic of Mozambique', 'MOZ', 508, 'yes'),
(147, 'MM', 'Myanmar', 'Myanmar', 'MMR', 104, 'yes'),
(148, 'NA', 'Namibia', 'Republic of Namibia', 'NAM', 516, 'yes'),
(149, 'NR', 'Nauru', 'Republic of Nauru', 'NRU', 520, 'yes'),
(150, 'NP', 'Nepal', 'Federal Democratic Republic of Nepal', 'NPL', 524, 'yes'),
(151, 'NL', 'Netherlands', 'Kingdom of the Netherlands', 'NLD', 528, 'yes'),
(152, 'AN', 'Netherlands Antilles', 'Netherlands Antilles', 'ANT', 530, 'no'),
(153, 'NC', 'New Caledonia', 'New Caledonia', 'NCL', 540, 'no'),
(154, 'NZ', 'New Zealand', 'New Zealand', 'NZL', 554, 'yes'),
(155, 'NI', 'Nicaragua', 'Republic of Nicaragua', 'NIC', 558, 'yes'),
(156, 'NE', 'Niger', 'Republic of Niger', 'NER', 562, 'yes'),
(157, 'NG', 'Nigeria', 'Federal Republic of Nigeria', 'NGA', 566, 'yes'),
(158, 'NU', 'Niue', 'Niue', 'NIU', 570, 'no'),
(159, 'NF', 'Norfolk Island', 'Norfolk Island', 'NFK', 574, 'no'),
(160, 'MP', 'Northern Mariana Islands', 'Northern Mariana Islands', 'MNP', 580, 'no'),
(161, 'NO', 'Norway', 'Kingdom of Norway', 'NOR', 578, 'yes'),
(162, 'OM', 'Oman', 'Sultanate of Oman', 'OMN', 512, 'yes'),
(163, 'PK', 'Pakistan', 'Islamic Republic of Pakistan', 'PAK', 586, 'yes'),
(164, 'PW', 'Palau', 'Republic of Palau', 'PLW', 585, 'yes'),
(165, 'PS', 'Palestinian Territory', 'Occupied Palestinian Territory', 'PSE', 275, 'no'),
(166, 'PA', 'Panama', 'Republic of Panama', 'PAN', 591, 'yes'),
(167, 'PG', 'Papua New Guinea', 'Independent State of Papua New Guinea', 'PNG', 598, 'yes'),
(168, 'PY', 'Paraguay', 'Republic of Paraguay', 'PRY', 600, 'yes'),
(169, 'PE', 'Peru', 'Republic of Peru', 'PER', 604, 'yes'),
(170, 'PH', 'Phillipines', 'Republic of the Philippines', 'PHL', 608, 'yes'),
(171, 'PN', 'Pitcairn', 'Pitcairn, Henderson, Ducie, and Oeno Islands', 'PCN', 612, 'no'),
(172, 'PL', 'Poland', 'Republic of Poland', 'POL', 616, 'yes'),
(173, 'PT', 'Portugal', 'Portuguese Republic', 'PRT', 620, 'yes'),
(174, 'PR', 'Puerto Rico', 'Commonwealth of Puerto Rico', 'PRI', 630, 'no'),
(175, 'QA', 'Qatar', 'State of Qatar', 'QAT', 634, 'yes'),
(176, 'RE', 'Reunion', 'R&eacute;union', 'REU', 638, 'no'),
(177, 'RO', 'Romania', 'Romania', 'ROM', 642, 'yes'),
(178, 'RU', 'Russia', 'Russian Federation', 'RUS', 643, 'yes'),
(179, 'RW', 'Rwanda', 'Republic of Rwanda', 'RWA', 646, 'yes'),
(180, 'SH', 'Saint Helena', 'Saint Helena', 'SHN', 654, 'no'),
(181, 'KN', 'Saint Kitts and Nevis', 'Federation of Saint Christopher and Nevis', 'KNA', 659, 'yes'),
(182, 'LC', 'Saint Lucia', 'Saint Lucia', 'LCA', 662, 'yes'),
(183, 'PM', 'Saint Pierre and Miquelon', 'Saint Pierre and Miquelon', 'SPM', 666, 'no'),
(184, 'VC', 'Saint Vincent and the Grenadines', 'Saint Vincent and the Grenadines', 'VCT', 670, 'yes'),
(185, 'WS', 'Samoa', 'Independent State of Samoa', 'WSM', 882, 'yes'),
(186, 'SM', 'San Marino', 'Republic of San Marino', 'SMR', 674, 'yes'),
(187, 'ST', 'Sao Tome and Principe', 'Democratic Republic of S&auml;o Tom&eacute; and Principe', 'STP', 678, 'yes'),
(188, 'SA', 'Saudi Arabia', 'Kingdom of Saudi Arabia', 'SAU', 682, 'yes'),
(189, 'SN', 'Senegal', 'Republic of Senegal', 'SEN', 686, 'yes'),
(190, 'RS', 'Serbia', 'Republic of Serbia', 'SRB', 688, 'yes'),
(191, 'SC', 'Seychelles', 'Republic of Seychelles', 'SYC', 690, 'yes'),
(192, 'SL', 'Sierra Leone', 'Republic of Sierra Leone', 'SLE', 694, 'yes'),
(193, 'SG', 'Singapore', 'Republic of Singapore', 'SGP', 702, 'yes'),
(194, 'SK', 'Slovakia', 'Slovak Republic', 'SVK', 703, 'yes'),
(195, 'SI', 'Slovenia', 'Republic of Slovenia', 'SVN', 705, 'yes'),
(196, 'SB', 'Solomon Islands', 'Solomon Islands', 'SLB', 90, 'yes'),
(197, 'SO', 'Somalia', 'Federal Republic of Somalia', 'SOM', 706, 'yes'),
(198, 'ZA', 'South Africa', 'Republic of South Africa', 'ZAF', 710, 'yes'),
(199, 'GS', 'South Georgia and the South Sandwich Islands', 'South Georgia and the South Sandwich Islands', 'SGS', 239, 'no'),
(200, 'ES', 'Spain', 'Kingdom of Spain', 'ESP', 724, 'yes'),
(201, 'LK', 'Sri Lanka', 'Democratic Socialist Republic of Sri Lanka', 'LKA', 144, 'yes'),
(202, 'SD', 'Sudan', 'Republic of the Sudan', 'SDN', 736, 'yes'),
(203, 'SR', 'Suriname', 'Republic of Suriname', 'SUR', 740, 'yes'),
(204, 'SJ', 'Svalbard and Jan Mayen', 'Svalbard and Jan Mayen', 'SJM', 744, 'no'),
(205, 'SZ', 'Swaziland', 'Kingdom of Swaziland', 'SWZ', 748, 'yes'),
(206, 'SE', 'Sweden', 'Kingdom of Sweden', 'SWE', 752, 'yes'),
(207, 'CH', 'Switzerland', 'Swiss Confederation', 'CHE', 756, 'yes'),
(208, 'SY', 'Syria', 'Syrian Arab Republic', 'SYR', 760, 'yes'),
(209, 'TW', 'Taiwan', 'Taiwan, Province of China', 'TWN', 158, 'no'),
(210, 'TJ', 'Tajikistan', 'Republic of Tajikistan', 'TJK', 762, 'yes'),
(211, 'TZ', 'Tanzania', 'United Republic of Tanzania', 'TZA', 834, 'no'),
(212, 'TH', 'Thailand', 'Kingdom of Thailand', 'THA', 764, 'yes'),
(213, 'TL', 'Timor-Leste', 'Democratic Republic of Timor-Leste', 'TLS', 626, 'yes'),
(214, 'TG', 'Togo', 'Togolese Republic', 'TGO', 768, 'yes'),
(215, 'TK', 'Tokelau', 'Tokelau', 'TKL', 772, 'no'),
(216, 'TO', 'Tonga', 'Kingdom of Tonga', 'TON', 776, 'yes'),
(217, 'TT', 'Trinidad and Tobago', 'Republic of Trinidad and Tobago', 'TTO', 780, 'yes'),
(218, 'TN', 'Tunisia', 'Republic of Tunisia', 'TUN', 788, 'yes'),
(219, 'TR', 'Turkey', 'Republic of Turkey', 'TUR', 792, 'yes'),
(220, 'TM', 'Turkmenistan', 'Turkmenistan', 'TKM', 795, 'yes'),
(221, 'TC', 'Turks and Caicos Islands', 'Turks and Caicos Islands', 'TCA', 796, 'no'),
(222, 'TV', 'Tuvalu', 'Tuvalu', 'TUV', 798, 'yes'),
(223, 'UG', 'Uganda', 'Republic of Uganda', 'UGA', 800, 'yes'),
(224, 'UA', 'Ukraine', 'Ukraine', 'UKR', 804, 'yes'),
(225, 'AE', 'United Arab Emirates', 'United Arab Emirates', 'ARE', 784, 'yes'),
(226, 'GB', 'United Kingdom', 'United Kingdom of Great Britain and Nothern Ireland', 'GBR', 826, 'yes'),
(227, 'US', 'United States', 'United States of America', 'USA', 840, 'yes'),
(228, 'UM', 'United States Minor Outlying Islands', 'United States Minor Outlying Islands', 'UMI', 581, 'no'),
(229, 'UY', 'Uruguay', 'Eastern Republic of Uruguay', 'URY', 858, 'yes'),
(230, 'UZ', 'Uzbekistan', 'Republic of Uzbekistan', 'UZB', 860, 'yes'),
(231, 'VU', 'Vanuatu', 'Republic of Vanuatu', 'VUT', 548, 'yes'),
(232, 'VE', 'Venezuela', 'Bolivarian Republic of Venezuela', 'VEN', 862, 'yes'),
(233, 'VN', 'Vietnam', 'Socialist Republic of Vietnam', 'VNM', 704, 'yes'),
(234, 'VG', 'Virgin Islands, British', 'Virgin Islands, British', 'VGB', 92, 'no'),
(235, 'VI', 'Virgin Islands, US', 'Virgin Islands, U.s.', 'VIR', 850, 'no'),
(236, 'WF', 'Wallis and Futuna', 'Wallis and Futuna', 'WLF', 876, 'no'),
(237, 'EH', 'Western Sahara', 'Western Sahara', 'ESH', 732, 'no'),
(238, 'YE', 'Yemen', 'Republic of Yemen', 'YEM', 887, 'yes'),
(239, 'ZM', 'Zambia', 'Republic of Zambia', 'ZMB', 894, 'yes'),
(240, 'ZW', 'Zimbabwe', 'Republic of Zimbabwe', 'ZWE', 716, 'yes'),
(241, 'AX', 'Aland Islands', '&Aring;land Islands', 'ALA', 248, 'no'),
(242, 'IM', 'Isle of Man', 'Isle of Man', 'IMN', 833, 'no'),
(243, 'JE', 'Jersey', 'The Bailiwick of Jersey', 'JEY', 832, 'no'),
(244, 'BL', 'Saint Barthelemy', 'Saint Barth&eacute;lemy', 'BLM', 652, 'no'),
(245, 'MF', 'Saint Martin', 'Saint Martin', 'MAF', 663, 'no');

-- --------------------------------------------------------

--
-- Table structure for table `img_type`
--

CREATE TABLE IF NOT EXISTS `img_type` (
  `img_type_id` int(10) unsigned NOT NULL,
  `img_type_name` varchar(45) COLLATE utf8_unicode_ci NOT NULL,
  PRIMARY KEY (`img_type_id`)
) ENGINE=InnoDB DEFAULT CHARSET=utf8 COLLATE=utf8_unicode_ci;

--
-- Dumping data for table `img_type`
--

INSERT INTO `img_type` (`img_type_id`, `img_type_name`) VALUES
(1, 'Main Slider'),
(2, 'Main Cat Image'),
(3, 'Sub Cat Image'),
(4, 'Brand Image'),
(5, 'Appearance'),
(6, 'Product'),
(7, 'Product (adittional)'),
(8, 'Product (adittional)'),
(9, 'Product Catalog'),
(10, 'News Events'),
(11, 'Page');

-- --------------------------------------------------------

--
-- Table structure for table `item_appear`
--

CREATE TABLE IF NOT EXISTS `item_appear` (
  `app_code` int(10) unsigned NOT NULL AUTO_INCREMENT,
  `app_name` varchar(10) COLLATE utf8_unicode_ci NOT NULL,
  `active` varchar(1) COLLATE utf8_unicode_ci NOT NULL DEFAULT '1',
  PRIMARY KEY (`app_code`)
) ENGINE=InnoDB DEFAULT CHARSET=utf8 COLLATE=utf8_unicode_ci AUTO_INCREMENT=1 ;

-- --------------------------------------------------------

--
-- Table structure for table `item_brand`
--

CREATE TABLE IF NOT EXISTS `item_brand` (
  `brand_code` int(3) unsigned NOT NULL AUTO_INCREMENT,
  `cat_code` int(2) unsigned zerofill NOT NULL,
  `brand_name` varchar(45) COLLATE utf8_unicode_ci NOT NULL,
  `brand_url_slug` varchar(100) COLLATE utf8_unicode_ci NOT NULL,
  `brand_details` blob,
  `active` tinyint(3) unsigned NOT NULL,
  `brand_custom_url` varchar(255) COLLATE utf8_unicode_ci DEFAULT NULL,
  PRIMARY KEY (`brand_code`,`cat_code`,`brand_url_slug`) USING BTREE
) ENGINE=InnoDB DEFAULT CHARSET=utf8 COLLATE=utf8_unicode_ci AUTO_INCREMENT=1 ;

-- --------------------------------------------------------

--
-- Table structure for table `item_main_category`
--

CREATE TABLE IF NOT EXISTS `item_main_category` (
  `cat_code` int(2) unsigned zerofill NOT NULL AUTO_INCREMENT,
  `cat_name` varchar(45) COLLATE utf8_unicode_ci NOT NULL,
  `cat_details` varchar(10000) COLLATE utf8_unicode_ci DEFAULT NULL,
  `cat_url_slug` varchar(100) COLLATE utf8_unicode_ci NOT NULL,
  `custom_url` varchar(255) COLLATE utf8_unicode_ci DEFAULT NULL,
  `cat_order` tinyint(3) DEFAULT NULL,
  `active` varchar(1) COLLATE utf8_unicode_ci NOT NULL DEFAULT '1',
  PRIMARY KEY (`cat_code`,`cat_url_slug`)
) ENGINE=InnoDB  DEFAULT CHARSET=utf8 COLLATE=utf8_unicode_ci AUTO_INCREMENT=4 ;

--
-- Dumping data for table `item_main_category`
--

INSERT INTO `item_main_category` (`cat_code`, `cat_name`, `cat_details`, `cat_url_slug`, `custom_url`, `cat_order`, `active`) VALUES
(01, 'House Constructions', '', 'house-constructions', 'http://www.tropicalhomes.lk', 0, '1'),
(02, 'Solar Hotwater Systems ', '', 'solar-hotwater-systems', 'http://www.sunbird.lk', 1, '1'),
(03, 'PV Solar Energy Systems ', '', 'pv-solar-energy-systems', 'http://www.sensepv.lk', 2, '1');

-- --------------------------------------------------------

--
-- Table structure for table `item_sub_category`
--

CREATE TABLE IF NOT EXISTS `item_sub_category` (
  `auto_num` int(5) NOT NULL AUTO_INCREMENT,
  `sub_code` int(2) unsigned zerofill NOT NULL,
  `cat_code` int(2) unsigned zerofill NOT NULL,
  `sub_name` varchar(45) COLLATE utf8_unicode_ci NOT NULL,
  `sub_details` varchar(10000) COLLATE utf8_unicode_ci DEFAULT NULL,
  `sub_url_slug` varchar(100) COLLATE utf8_unicode_ci NOT NULL,
  `sub_order` tinyint(3) DEFAULT NULL,
  `active` varchar(1) COLLATE utf8_unicode_ci NOT NULL DEFAULT '1',
  PRIMARY KEY (`auto_num`,`cat_code`,`sub_url_slug`,`sub_code`) USING BTREE
) ENGINE=InnoDB DEFAULT CHARSET=utf8 COLLATE=utf8_unicode_ci AUTO_INCREMENT=1 ;

-- --------------------------------------------------------

--
-- Table structure for table `item_unit`
--

CREATE TABLE IF NOT EXISTS `item_unit` (
  `unit_code` varchar(10) COLLATE utf8_unicode_ci NOT NULL,
  `unit_name` varchar(15) COLLATE utf8_unicode_ci NOT NULL,
  `active` varchar(1) COLLATE utf8_unicode_ci NOT NULL DEFAULT '1',
  PRIMARY KEY (`unit_code`)
) ENGINE=InnoDB DEFAULT CHARSET=utf8 COLLATE=utf8_unicode_ci;

-- --------------------------------------------------------

--
-- Table structure for table `login`
--

CREATE TABLE IF NOT EXISTS `login` (
  `user_id` int(10) unsigned NOT NULL,
  `user_email` varchar(255) COLLATE utf8_unicode_ci NOT NULL,
  `user_level` tinyint(1) unsigned NOT NULL,
  `user_pword` varchar(80) COLLATE utf8_unicode_ci NOT NULL,
  `last_login` datetime DEFAULT NULL,
  `verified_once` varchar(80) COLLATE utf8_unicode_ci NOT NULL,
  `active` varchar(80) COLLATE utf8_unicode_ci NOT NULL,
  PRIMARY KEY (`user_id`,`user_email`) USING BTREE
) ENGINE=InnoDB DEFAULT CHARSET=utf8 COLLATE=utf8_unicode_ci;

--
-- Dumping data for table `login`
--

INSERT INTO `login` (`user_id`, `user_email`, `user_level`, `user_pword`, `last_login`, `verified_once`, `active`) VALUES
(1, 'test@test.com', 1, 'E_G7EkAj3o17BJtD1JfS8u6vzzA6_S5olNKOJogaqyI', NULL, 'WKxQ_VKM6yLp3P074BYfZfj9eiM5IxcCppJz-SVkpu0', 'WKxQ_VKM6yLp3P074BYfZfj9eiM5IxcCppJz-SVkpu0');

-- --------------------------------------------------------

--
-- Table structure for table `members`
--

CREATE TABLE IF NOT EXISTS `members` (
  `mem_id` int(10) unsigned NOT NULL AUTO_INCREMENT,
  `mem_title` varchar(10) COLLATE utf8_unicode_ci NOT NULL,
  `mem_fname` varchar(100) COLLATE utf8_unicode_ci NOT NULL,
  `mem_lname` varchar(100) COLLATE utf8_unicode_ci NOT NULL,
  `mem_phone` varchar(45) COLLATE utf8_unicode_ci NOT NULL,
  `mem_fax` varchar(45) COLLATE utf8_unicode_ci DEFAULT NULL,
  `mem_email` varchar(255) COLLATE utf8_unicode_ci NOT NULL,
  `mem_add_line1` varchar(255) COLLATE utf8_unicode_ci NOT NULL,
  `mem_add_line2` varchar(255) COLLATE utf8_unicode_ci DEFAULT NULL,
  `mem_city` varchar(100) COLLATE utf8_unicode_ci NOT NULL,
  `mem_country` varchar(60) COLLATE utf8_unicode_ci NOT NULL,
  `mem_state` varchar(60) COLLATE utf8_unicode_ci NOT NULL,
  `mem_pst_code` varchar(45) COLLATE utf8_unicode_ci DEFAULT NULL,
  `mem_nic_name` varchar(20) COLLATE utf8_unicode_ci DEFAULT NULL,
  `mem_type_id` int(2) unsigned zerofill NOT NULL,
  `added_by` varchar(45) COLLATE utf8_unicode_ci NOT NULL,
  `add_date` datetime NOT NULL,
  PRIMARY KEY (`mem_id`,`mem_email`,`mem_type_id`) USING BTREE
) ENGINE=InnoDB  DEFAULT CHARSET=utf8 COLLATE=utf8_unicode_ci AUTO_INCREMENT=2 ;

--
-- Dumping data for table `members`
--

INSERT INTO `members` (`mem_id`, `mem_title`, `mem_fname`, `mem_lname`, `mem_phone`, `mem_fax`, `mem_email`, `mem_add_line1`, `mem_add_line2`, `mem_city`, `mem_country`, `mem_state`, `mem_pst_code`, `mem_nic_name`, `mem_type_id`, `added_by`, `add_date`) VALUES
(1, 'Mr', 'First name', 'Last Name', '0000000000', '', 'test@test.com', 'No 0', '', '', 'Sri Lanka', '', '', 'admin', 01, '', '0000-00-00 00:00:00');

-- --------------------------------------------------------

--
-- Table structure for table `mem_types`
--

CREATE TABLE IF NOT EXISTS `mem_types` (
  `mem_type_id` int(2) unsigned zerofill NOT NULL AUTO_INCREMENT,
  `mem_type_name` varchar(60) COLLATE utf8_unicode_ci NOT NULL,
  PRIMARY KEY (`mem_type_id`)
) ENGINE=InnoDB  DEFAULT CHARSET=utf8 COLLATE=utf8_unicode_ci AUTO_INCREMENT=6 ;

--
-- Dumping data for table `mem_types`
--

INSERT INTO `mem_types` (`mem_type_id`, `mem_type_name`) VALUES
(01, 'Super Administrator'),
(02, 'Administrator'),
(03, 'Front Office'),
(04, 'Marketer'),
(05, 'Customer');

-- --------------------------------------------------------

--
-- Table structure for table `news_events`
--

CREATE TABLE IF NOT EXISTS `news_events` (
  `ann_id` int(10) unsigned NOT NULL AUTO_INCREMENT,
  `ann_title` varchar(300) COLLATE utf8_unicode_ci NOT NULL,
  `ann_details` varchar(21000) COLLATE utf8_unicode_ci NOT NULL,
  `ann_date` datetime DEFAULT NULL,
  `add_date` datetime NOT NULL,
  `add_by` int(10) unsigned NOT NULL,
  `upd_date` datetime DEFAULT NULL,
  `upd_by` int(10) unsigned DEFAULT NULL,
  `ann_type` varchar(1) COLLATE utf8_unicode_ci NOT NULL,
  PRIMARY KEY (`ann_id`,`ann_type`)
) ENGINE=InnoDB DEFAULT CHARSET=utf8 COLLATE=utf8_unicode_ci AUTO_INCREMENT=1 ;

-- --------------------------------------------------------

--
-- Table structure for table `pages`
--

CREATE TABLE IF NOT EXISTS `pages` (
  `page_id` int(11) NOT NULL AUTO_INCREMENT,
  `page_title` varchar(255) COLLATE utf8_unicode_ci DEFAULT NULL,
  `page_content` blob,
  `page_url_slug` varchar(255) COLLATE utf8_unicode_ci DEFAULT NULL,
  `page_custom_url` varchar(255) COLLATE utf8_unicode_ci DEFAULT NULL,
  `gallery_type` varchar(1) COLLATE utf8_unicode_ci DEFAULT '1',
  `gallery_name` varchar(45) COLLATE utf8_unicode_ci DEFAULT 'Gallery',
  `add_date` datetime DEFAULT NULL,
  `add_by` int(11) DEFAULT NULL,
  `upd_date` datetime DEFAULT NULL,
  `upd_by` int(11) DEFAULT NULL,
  `page_order` int(11) DEFAULT NULL,
  `active` varchar(1) COLLATE utf8_unicode_ci DEFAULT '1',
  PRIMARY KEY (`page_id`)
) ENGINE=InnoDB DEFAULT CHARSET=utf8 COLLATE=utf8_unicode_ci AUTO_INCREMENT=1 ;

-- --------------------------------------------------------

--
-- Table structure for table `posts`
--

CREATE TABLE IF NOT EXISTS `posts` (
  `post_code` int(8) unsigned zerofill NOT NULL AUTO_INCREMENT,
  `post_url_slug` varchar(255) COLLATE utf8_unicode_ci NOT NULL,
  `post_name` varchar(255) COLLATE utf8_unicode_ci NOT NULL,
  `post_details` blob NOT NULL,
  `brand_code` int(3) DEFAULT NULL,
  `unit_code` varchar(10) COLLATE utf8_unicode_ci DEFAULT NULL,
  `app_code` int(10) DEFAULT NULL,
  `active` varchar(1) COLLATE utf8_unicode_ci DEFAULT NULL,
  `featured` varchar(1) COLLATE utf8_unicode_ci DEFAULT '0',
  `add_by` int(10) DEFAULT NULL,
  `add_date` datetime DEFAULT NULL,
  `upd_by` int(10) DEFAULT NULL,
  `upd_date` datetime DEFAULT NULL,
  `d_id` varchar(45) COLLATE utf8_unicode_ci DEFAULT NULL,
  `c_id` varchar(45) COLLATE utf8_unicode_ci DEFAULT NULL,
  `selling_price` double DEFAULT NULL,
  `off_value` double DEFAULT NULL,
  `off_presentage` double DEFAULT NULL,
  `init_stock` int(10) DEFAULT NULL,
  `now_stock` int(10) DEFAULT NULL,
  `terms` blob,
  `policies` blob,
  `data1` blob,
  `data2` blob,
  `data3` blob,
  `post_order` tinyint(3) DEFAULT NULL,
  PRIMARY KEY (`post_code`,`post_url_slug`) USING BTREE
) ENGINE=InnoDB DEFAULT CHARSET=utf8 COLLATE=utf8_unicode_ci AUTO_INCREMENT=1 ;

-- --------------------------------------------------------

--
-- Table structure for table `posts_sub_cat`
--

CREATE TABLE IF NOT EXISTS `posts_sub_cat` (
  `post_code` int(8) unsigned zerofill NOT NULL,
  `cat_code` int(2) unsigned zerofill NOT NULL,
  `sub_code` int(2) unsigned zerofill NOT NULL,
  PRIMARY KEY (`post_code`,`cat_code`,`sub_code`)
) ENGINE=InnoDB DEFAULT CHARSET=utf8 COLLATE=utf8_unicode_ci;

-- --------------------------------------------------------

--
-- Table structure for table `seo`
--

CREATE TABLE IF NOT EXISTS `seo` (
  `seo_id` int(11) NOT NULL AUTO_INCREMENT,
  `seo_title` varchar(70) COLLATE utf8_unicode_ci DEFAULT NULL,
  `seo_dscp` varchar(180) COLLATE utf8_unicode_ci DEFAULT NULL,
  `seo_keywords` varchar(260) COLLATE utf8_unicode_ci DEFAULT NULL,
  `fb_id` varchar(100) COLLATE utf8_unicode_ci DEFAULT NULL,
  `og_type` varchar(45) COLLATE utf8_unicode_ci DEFAULT NULL,
  `og_img` varchar(255) COLLATE utf8_unicode_ci DEFAULT NULL,
  `og_site_name` varchar(45) COLLATE utf8_unicode_ci DEFAULT NULL,
  `og_tw_dscp` varchar(200) COLLATE utf8_unicode_ci DEFAULT NULL,
  `tw_site` varchar(100) COLLATE utf8_unicode_ci DEFAULT NULL,
  `tw_creator` varchar(100) COLLATE utf8_unicode_ci DEFAULT NULL,
  `tw_img` varchar(255) COLLATE utf8_unicode_ci DEFAULT NULL,
  `google_publisher` varchar(255) COLLATE utf8_unicode_ci DEFAULT NULL,
  `google_analytics` varchar(2000) COLLATE utf8_unicode_ci DEFAULT NULL,
  PRIMARY KEY (`seo_id`)
) ENGINE=InnoDB  DEFAULT CHARSET=utf8 COLLATE=utf8_unicode_ci AUTO_INCREMENT=2 ;

--
-- Dumping data for table `seo`
--

INSERT INTO `seo` (`seo_id`, `seo_title`, `seo_dscp`, `seo_keywords`, `fb_id`, `og_type`, `og_img`, `og_site_name`, `og_tw_dscp`, `tw_site`, `tw_creator`, `tw_img`, `google_publisher`, `google_analytics`) VALUES
(1, 'Jude Fernandopulle Associates', 'Web Page Description', '', '', '', '', '', '', '', '', '', '', '<script>\r\n    (function (i, s, o, g, r, a, m) {\r\n        i[''GoogleAnalyticsObject''] = r;\r\n        i[r] = i[r] || function () {\r\n            (i[r].q = i[r].q || []).push(arguments)\r\n        }, i[r].l = 1 * new Date();\r\n        a = s.createElement(o),\r\n                m = s.getElementsByTagName(o)[0];\r\n        a.async = 1;\r\n        a.src = g;\r\n        m.parentNode.insertBefore(a, m)\r\n    })(window, document, ''script'', ''//www.google-analytics.com/analytics.js'', ''ga'');\r\n    ga(''create'', ''UA-52435444-1'', ''auto'');\r\n    ga(''send'', ''pageview'');\r\n</script>');

-- --------------------------------------------------------

--
-- Table structure for table `slider_content`
--

CREATE TABLE IF NOT EXISTS `slider_content` (
  `content_id` int(3) unsigned NOT NULL AUTO_INCREMENT,
  `upload_id` int(10) unsigned NOT NULL,
  `content_header` varchar(255) COLLATE utf8_unicode_ci DEFAULT NULL,
  `content_descp` varchar(500) COLLATE utf8_unicode_ci DEFAULT NULL,
  `content_url` varchar(255) COLLATE utf8_unicode_ci DEFAULT NULL,
  `slider_order` tinyint(3) DEFAULT NULL,
  PRIMARY KEY (`content_id`),
  UNIQUE KEY `upload_id_UNIQUE` (`upload_id`)
) ENGINE=InnoDB DEFAULT CHARSET=utf8 COLLATE=utf8_unicode_ci AUTO_INCREMENT=1 ;

-- --------------------------------------------------------

--
-- Table structure for table `sl_city`
--

CREATE TABLE IF NOT EXISTS `sl_city` (
  `c_id` int(4) unsigned zerofill NOT NULL AUTO_INCREMENT,
  `d_id` int(2) unsigned zerofill NOT NULL,
  `c_name` varchar(100) COLLATE utf8_unicode_ci NOT NULL,
  PRIMARY KEY (`c_id`,`d_id`)
) ENGINE=InnoDB  DEFAULT CHARSET=utf8 COLLATE=utf8_unicode_ci AUTO_INCREMENT=2090 ;

--
-- Dumping data for table `sl_city`
--

INSERT INTO `sl_city` (`c_id`, `d_id`, `c_name`) VALUES
(0001, 01, 'Akarawita'),
(0002, 01, 'Akuregoda'),
(0003, 01, 'Angoda'),
(0004, 01, 'Athurugiriya'),
(0005, 01, 'Avissawella'),
(0006, 01, 'Batawala'),
(0007, 01, 'Battaramulla'),
(0008, 01, 'Batugampola'),
(0009, 01, 'Bellanwila'),
(0010, 01, 'Bope'),
(0011, 01, 'Boralesgamuwa'),
(0012, 01, 'Colombo 01 (Fort)'),
(0013, 01, 'Colombo 10 (Panchikawatte, Maradana)'),
(0014, 01, 'Colombo 11 (Pettah)'),
(0015, 01, 'Colombo 12 (Hulfts Dorp)'),
(0016, 01, 'Colombo 13 (Kotahena,Kochchikade)'),
(0017, 01, 'Colombo 14 (Grandpass)'),
(0018, 01, 'Colombo 15 (Mutwal, Modara, Mattakuliya, Madampitiya)'),
(0019, 01, 'Colombo 02 (Slave lsland)'),
(0020, 01, 'Colombo 03 (Kollupitiya)'),
(0021, 01, 'Colombo 04 (Bambalapitiya)'),
(0022, 01, 'Colombo 05 (Havelock town,Kirulapane South)'),
(0023, 01, 'Colombo 06 (Wellawatta, Pamankada, Kirulapane North)'),
(0024, 01, 'Colombo 07 (Cinnamon Gardens)'),
(0025, 01, 'Colombo 08 (Borella)'),
(0026, 01, 'Colombo 09 (Dematagoda)'),
(0027, 01, 'Dedigamuwa'),
(0028, 01, 'Dehiwala'),
(0029, 01, 'Deltara'),
(0030, 01, 'Ethul Kotte'),
(0031, 01, 'Godagama'),
(0032, 01, 'Gothatuwa'),
(0033, 01, 'Habarakada'),
(0034, 01, 'Handapangoda'),
(0035, 01, 'Hanwella'),
(0036, 01, 'Hewainna'),
(0037, 01, 'Hiripitya'),
(0038, 01, 'Hokandara'),
(0039, 01, 'Homagama'),
(0040, 01, 'Horagala'),
(0041, 01, 'Ingiriya'),
(0042, 01, 'Kaduwela'),
(0043, 01, 'Kahathuduwa'),
(0044, 01, 'Kahawala'),
(0045, 01, 'Kalatuwawa'),
(0046, 01, 'Kaluaggala'),
(0047, 01, 'Kalubowila'),
(0048, 01, 'Kesbewa'),
(0049, 01, 'Kiriwattuduwa'),
(0050, 01, 'Kohuwala'),
(0051, 01, 'Kolonnawa'),
(0052, 01, 'Kosgama'),
(0053, 01, 'Kotikawatta'),
(0054, 01, 'Kottawa'),
(0055, 01, 'Kotte'),
(0056, 01, 'Madapatha'),
(0057, 01, 'Madiwela'),
(0058, 01, 'Maharagama'),
(0059, 01, 'Malabe'),
(0060, 01, 'Mattegoda'),
(0061, 01, 'Meegoda'),
(0062, 01, 'Meepe'),
(0063, 01, 'Moragahahena'),
(0064, 01, 'Moratuwa'),
(0065, 01, 'Mount Lavinia'),
(0066, 01, 'Mullegama'),
(0067, 01, 'Mulleriyawa New Town'),
(0068, 01, 'Napawela'),
(0069, 01, 'Navagamuwa'),
(0070, 01, 'Nawala'),
(0071, 01, 'Nugegoda'),
(0072, 01, 'Padukka'),
(0073, 01, 'Pannipitiya'),
(0074, 01, 'Pelawatta'),
(0075, 01, 'Peliyagoda'),
(0076, 01, 'Pepiliyana'),
(0077, 01, 'Piliyandala'),
(0078, 01, 'Pita Kotte'),
(0079, 01, 'Pitipana Homagama'),
(0080, 01, 'Polgasowita'),
(0081, 01, 'Puwakpitiya'),
(0082, 01, 'Rajagiriya'),
(0083, 01, 'Ranala'),
(0084, 01, 'Ratmalana'),
(0085, 01, 'Siddamulla'),
(0086, 01, 'Sri Jayawardenepura Kotte'),
(0087, 01, 'Talawatugoda'),
(0088, 01, 'Thalapathpitiya'),
(0089, 01, 'Tummodara'),
(0090, 01, 'Waga'),
(0091, 01, 'Watareka'),
(0092, 01, 'Wellampitiya'),
(0093, 02, 'Akaragama'),
(0094, 02, 'Alawala'),
(0095, 02, 'Ambagaspitiya'),
(0096, 02, 'Ambepussa'),
(0097, 02, 'Andiambalama'),
(0098, 02, 'Attanagalla'),
(0099, 02, 'Badalgama'),
(0100, 02, 'Balabowa'),
(0101, 02, 'Banduragoda'),
(0102, 02, 'Batuwatta'),
(0103, 02, 'Bemmulla'),
(0104, 02, 'Biyagama'),
(0105, 02, 'Biyagama IPZ'),
(0106, 02, 'Bokalagama'),
(0107, 02, 'Bollete (WP)'),
(0108, 02, 'Bopagama'),
(0109, 02, 'Buthpitiya'),
(0110, 02, 'Dagonna'),
(0111, 02, 'Dalugama'),
(0112, 02, 'Danowita'),
(0113, 02, 'Debahera'),
(0114, 02, 'Dekatana'),
(0115, 02, 'Delgoda'),
(0116, 02, 'Delwagura'),
(0117, 02, 'Demalagama'),
(0118, 02, 'Demanhandiya'),
(0119, 02, 'Dewalapola'),
(0120, 02, 'Divulapitiya'),
(0121, 02, 'Divuldeniya'),
(0122, 02, 'Dompe'),
(0123, 02, 'Dunagaha'),
(0124, 02, 'Ekala'),
(0125, 02, 'Ellakkala'),
(0126, 02, 'Essella'),
(0127, 02, 'Gampaha'),
(0128, 02, 'Ganemulla'),
(0129, 02, 'GonawalaWP'),
(0130, 02, 'Heiyanthuduwa'),
(0131, 02, 'Hendala'),
(0132, 02, 'Henegama'),
(0133, 02, 'Hinatiyana Madawala'),
(0134, 02, 'Hiswella'),
(0135, 02, 'Horampella'),
(0136, 02, 'Hunumulla'),
(0137, 02, 'Ihala Madampella'),
(0138, 02, 'Imbulgoda'),
(0139, 02, 'Ja-Ela'),
(0140, 02, 'Kadawatha'),
(0141, 02, 'Kadirana'),
(0142, 02, 'Kahatowita'),
(0143, 02, 'Kalagedihena'),
(0144, 02, 'Kaleliya'),
(0145, 02, 'Kandana'),
(0146, 02, 'Kapugoda'),
(0147, 02, 'Katana'),
(0148, 02, 'Kattuwa'),
(0149, 02, 'Katunayake'),
(0150, 02, 'Katunayake Air Force Camp'),
(0151, 02, 'Katunayake(FTZ)'),
(0152, 02, 'Katuwellegama'),
(0153, 02, 'Kelaniya'),
(0154, 02, 'Kimbulapitiya'),
(0155, 02, 'Kiribathgoda'),
(0156, 02, 'Kirillawala'),
(0157, 02, 'Kirindiwela'),
(0158, 02, 'Kitalawalana'),
(0159, 02, 'Kitulwala'),
(0160, 02, 'Kochchikade'),
(0161, 02, 'Kotadeniyawa'),
(0162, 02, 'Kotugoda'),
(0163, 02, 'Kumbaloluwa'),
(0164, 02, 'Loluwagoda'),
(0165, 02, 'Lunugama'),
(0166, 02, 'Mabodale'),
(0167, 02, 'Madelgamuwa'),
(0168, 02, 'Mahabage'),
(0169, 02, 'Makewita'),
(0170, 02, 'Makola'),
(0171, 02, 'Malwana'),
(0172, 02, 'Mandawala'),
(0173, 02, 'Marandagahamula'),
(0174, 02, 'Mellawagedara'),
(0175, 02, 'Minuwangoda'),
(0176, 02, 'Mirigama'),
(0177, 02, 'Mithirigala'),
(0178, 02, 'Muddaragama'),
(0179, 02, 'Mudungoda'),
(0180, 02, 'Naranwala'),
(0181, 02, 'Nawana'),
(0182, 02, 'Nedungamuwa'),
(0183, 02, 'Negombo'),
(0184, 02, 'Nikahetikanda'),
(0185, 02, 'Nittambuwa'),
(0186, 02, 'Niwandama'),
(0187, 02, 'Pallewela'),
(0188, 02, 'Pamunugama'),
(0189, 02, 'Pamunuwatta'),
(0190, 02, 'Pasyala'),
(0191, 02, 'Peliyagoda'),
(0192, 02, 'Pepiliyawala'),
(0193, 02, 'Pethiyagoda'),
(0194, 02, 'Polpithimukulana'),
(0195, 02, 'Pugoda'),
(0196, 02, 'Radawadunna'),
(0197, 02, 'Radawana'),
(0198, 02, 'Raddolugama'),
(0199, 02, 'Ragama'),
(0200, 02, 'Ruggahawila'),
(0201, 02, 'Rukmale'),
(0202, 02, 'Seeduwa'),
(0203, 02, 'Siyambalape'),
(0204, 02, 'Talahena'),
(0205, 02, 'Thihariya'),
(0206, 02, 'Thimbirigaskatuwa'),
(0207, 02, 'Tittapattara'),
(0208, 02, 'Udathuthiripitiya'),
(0209, 02, 'Udugampola'),
(0210, 02, 'Uggalboda'),
(0211, 02, 'Urapola'),
(0212, 02, 'Uswetakeiyawa'),
(0213, 02, 'Veyangoda'),
(0214, 02, 'Walgammulla'),
(0215, 02, 'Walpita'),
(0216, 02, 'Walpola (WP)'),
(0217, 02, 'Wanaluwewa'),
(0218, 02, 'Wathurugama'),
(0219, 02, 'Watinapaha'),
(0220, 02, 'Wattala'),
(0221, 02, 'Weboda'),
(0222, 02, 'Wegowwa'),
(0223, 02, 'Welisara'),
(0224, 02, 'Weliveriya'),
(0225, 02, 'Weweldeniya'),
(0226, 02, 'Yakkala'),
(0227, 02, 'Yatiyana(WP)'),
(0228, 03, 'Agalawatta'),
(0229, 03, 'Alubomulla'),
(0230, 03, 'Alutgama'),
(0231, 03, 'Anguruwatota'),
(0232, 03, 'Baduraliya'),
(0233, 03, 'Bandaragama'),
(0234, 03, 'Bellana'),
(0235, 03, 'Benthara'),
(0236, 03, 'Beruwala'),
(0237, 03, 'Bolossagama'),
(0238, 03, 'Bombuwala'),
(0239, 03, 'Boralugoda'),
(0240, 03, 'Bulathsinhala'),
(0241, 03, 'Danawala Thiniyawala'),
(0242, 03, 'Delmella'),
(0243, 03, 'Dharga Town'),
(0244, 03, 'Diwalakada'),
(0245, 03, 'Dodangoda'),
(0246, 03, 'Dombagoda'),
(0247, 03, 'Galpatha'),
(0248, 03, 'Gamagoda'),
(0249, 03, 'Gonapola Junction'),
(0250, 03, 'Govinna'),
(0251, 03, 'Gurulubadda'),
(0252, 03, 'Halkandawila'),
(0253, 03, 'Haltota'),
(0254, 03, 'Halwala'),
(0255, 03, 'Halwatura'),
(0256, 03, 'Hedigalla Colony'),
(0257, 03, 'Horana'),
(0258, 03, 'Ittapana'),
(0259, 03, 'Kalawila Kiranthidiya'),
(0260, 03, 'Kalutara'),
(0261, 03, 'Kananwila'),
(0262, 03, 'Kandanagama'),
(0263, 03, 'Kehelwatta'),
(0264, 03, 'Kelinkanda'),
(0265, 03, 'Kitulgoda'),
(0266, 03, 'Koholana'),
(0267, 03, 'Kuda Uduwa'),
(0268, 03, 'Kumbuka'),
(0269, 03, 'lngiriya'),
(0270, 03, 'Maggona'),
(0271, 03, 'Mahagama'),
(0272, 03, 'Mahakalupahana'),
(0273, 03, 'Matugama'),
(0274, 03, 'Meegahatenna'),
(0275, 03, 'Meegama'),
(0276, 03, 'Millaniya'),
(0277, 03, 'Millewa'),
(0278, 03, 'Miwanapalana'),
(0279, 03, 'Molkawa'),
(0280, 03, 'Morapitiya'),
(0281, 03, 'Morontuduwa'),
(0282, 03, 'Nawattuduwa'),
(0283, 03, 'Neboda'),
(0284, 03, 'Padagoda'),
(0285, 03, 'Pahalahewessa'),
(0286, 03, 'Paiyagala'),
(0287, 03, 'Panadura'),
(0288, 03, 'Pannila'),
(0289, 03, 'Paragastota'),
(0290, 03, 'Paragoda'),
(0291, 03, 'Paraigama'),
(0292, 03, 'Pelanda'),
(0293, 03, 'Pelawatta'),
(0294, 03, 'Pokunuwita'),
(0295, 03, 'Polgampola'),
(0296, 03, 'Poruwedanda'),
(0297, 03, 'Remunagoda'),
(0298, 03, 'Tebuwana'),
(0299, 03, 'Uduwara'),
(0300, 03, 'Utumgama'),
(0301, 03, 'Veyangalla'),
(0302, 03, 'Wadduwa'),
(0303, 03, 'Walagedara'),
(0304, 03, 'Walallawita'),
(0305, 03, 'Waskaduwa'),
(0306, 03, 'Welipenna'),
(0307, 03, 'Welmilla Junction'),
(0308, 03, 'Yagirala'),
(0309, 03, 'Yatadolawatta'),
(0310, 03, 'Yatawara Junction'),
(0311, 04, 'Akurana'),
(0312, 04, 'Alawatugoda'),
(0313, 04, 'Aludeniya'),
(0314, 04, 'Ambagahapelessa'),
(0315, 04, 'Ambatenna'),
(0316, 04, 'Ampitiya'),
(0317, 04, 'Aniwatta'),
(0318, 04, 'Ankumbura'),
(0319, 04, 'Asgiriya'),
(0320, 04, 'Atabage'),
(0321, 04, 'Balagolla'),
(0322, 04, 'Balana'),
(0323, 04, 'Bambaragahaela'),
(0324, 04, 'Barawardhana Oya'),
(0325, 04, 'Batagolladeniya'),
(0326, 04, 'Batugoda'),
(0327, 04, 'Batumulla'),
(0328, 04, 'Bawlana'),
(0329, 04, 'Bopana'),
(0330, 04, 'Dangolla'),
(0331, 04, 'Danture'),
(0332, 04, 'Dedunupitiya'),
(0333, 04, 'Dekinda'),
(0334, 04, 'Deltota'),
(0335, 04, 'Digana'),
(0336, 04, 'Dolapihilla'),
(0337, 04, 'Dolosbage'),
(0338, 04, 'Doluwa'),
(0339, 04, 'Doragamuwa'),
(0340, 04, 'Dunuwila'),
(0341, 04, 'Ekiriya'),
(0342, 04, 'Elamulla'),
(0343, 04, 'Elkaduwa'),
(0344, 04, 'Etulgama'),
(0345, 04, 'Galaboda'),
(0346, 04, 'Galagedara'),
(0347, 04, 'Galaha'),
(0348, 04, 'Galhinna'),
(0349, 04, 'Gallellagama'),
(0350, 04, 'Gampola'),
(0351, 04, 'Gelioya'),
(0352, 04, 'Godamunna'),
(0353, 04, 'Gomagoda'),
(0354, 04, 'Gonagantenna'),
(0355, 04, 'Gonawalapatana'),
(0356, 04, 'Gunnepana'),
(0357, 04, 'Gurudeniya'),
(0358, 04, 'Halloluwa'),
(0359, 04, 'Handaganawa'),
(0360, 04, 'Handawalapitiya'),
(0361, 04, 'Handessa'),
(0362, 04, 'Hanguranketha'),
(0363, 04, 'Hantane'),
(0364, 04, 'Haragama'),
(0365, 04, 'Harankahawa'),
(0366, 04, 'Hasalaka'),
(0367, 04, 'Hataraliyadda'),
(0368, 04, 'Heerassagala'),
(0369, 04, 'Hewaheta'),
(0370, 04, 'Hindagala'),
(0371, 04, 'Hondiyadeniya'),
(0372, 04, 'Hunnasgiriya'),
(0373, 04, 'Jambugahapitiya'),
(0374, 04, 'Kadugannawa'),
(0375, 04, 'Kahataliyadda'),
(0376, 04, 'Kalugala'),
(0377, 04, 'Kandy'),
(0378, 04, 'Kapuliyadde'),
(0379, 04, 'Karandagolla'),
(0380, 04, 'Katugastota'),
(0381, 04, 'Kengalla'),
(0382, 04, 'Ketakumbura'),
(0383, 04, 'Ketawala Leula'),
(0384, 04, 'Kiribathkumbura'),
(0385, 04, 'Kobonila'),
(0386, 04, 'Kolabissa'),
(0387, 04, 'Kolongoda'),
(0388, 04, 'Kulugammana'),
(0389, 04, 'Kumbukkandura'),
(0390, 04, 'Kumburegama'),
(0391, 04, 'Kundasale'),
(0392, 04, 'Leemagahakotuwa'),
(0393, 04, 'Lewella'),
(0394, 04, 'lhala Kobbekaduwa'),
(0395, 04, 'lllagolla'),
(0396, 04, 'Lunuketiya Maditta'),
(0397, 04, 'Madawala Bazaar'),
(0398, 04, 'Madugalla'),
(0399, 04, 'Madulkele'),
(0400, 04, 'Mahadoraliyadda'),
(0401, 04, 'Mahamedagama'),
(0402, 04, 'Mailapitiya'),
(0403, 04, 'Makkanigama'),
(0404, 04, 'Makuldeniya'),
(0405, 04, 'Mandaram Nuwara'),
(0406, 04, 'Mapakanda'),
(0407, 04, 'Marassana'),
(0408, 04, 'Marymount Colony'),
(0409, 04, 'Maturata'),
(0410, 04, 'Mawatura'),
(0411, 04, 'Mawilmada'),
(0412, 04, 'Medamahanuwara'),
(0413, 04, 'Medawala Harispattuwa'),
(0414, 04, 'Meetalawa'),
(0415, 04, 'Megoda Kalugamuwa'),
(0416, 04, 'Menikdiwela'),
(0417, 04, 'Menikhinna'),
(0418, 04, 'Mimure'),
(0419, 04, 'Minigamuwa'),
(0420, 04, 'Minipe'),
(0421, 04, 'Murutalawa'),
(0422, 04, 'Muruthagahamulla'),
(0423, 04, 'Naranpanawa'),
(0424, 04, 'Nattarampotha'),
(0425, 04, 'Nawalapitiya'),
(0426, 04, 'Nillambe'),
(0427, 04, 'Nugaliyadda'),
(0428, 04, 'Nugawela'),
(0429, 04, 'Pallebowala'),
(0430, 04, 'Pallekelle'),
(0431, 04, 'Pallekotuwa'),
(0432, 04, 'Panvila'),
(0433, 04, 'Panwilatenna'),
(0434, 04, 'Paradeka'),
(0435, 04, 'Pasbage'),
(0436, 04, 'Pattitalawa'),
(0437, 04, 'Pattiya Watta'),
(0438, 04, 'Peradeniya'),
(0439, 04, 'Pilawala'),
(0440, 04, 'Pilimatalawa'),
(0441, 04, 'Poholiyadda'),
(0442, 04, 'Polgolla'),
(0443, 04, 'Pujapitiya'),
(0444, 04, 'Pupuressa'),
(0445, 04, 'Pussellawa'),
(0446, 04, 'Putuhapuwa'),
(0447, 04, 'Rajawella'),
(0448, 04, 'Rambukpitiya'),
(0449, 04, 'Rambukwella'),
(0450, 04, 'Rangala'),
(0451, 04, 'Rantembe'),
(0452, 04, 'Rathukohodigala'),
(0453, 04, 'Rikillagaskada'),
(0454, 04, 'Sangarajapura'),
(0455, 04, 'Senarathwela'),
(0456, 04, 'Talatuoya'),
(0457, 04, 'Tawalantenna'),
(0458, 04, 'Teldeniya'),
(0459, 04, 'Tennekumbura'),
(0460, 04, 'Uda Peradeniya'),
(0461, 04, 'Udahentenna'),
(0462, 04, 'Udahingulwala'),
(0463, 04, 'Udatalawinna'),
(0464, 04, 'Udawatta'),
(0465, 04, 'Udispattuwa'),
(0466, 04, 'Ududumbara'),
(0467, 04, 'Uduwa'),
(0468, 04, 'Uduwahinna'),
(0469, 04, 'Uduwela'),
(0470, 04, 'Ulapane'),
(0471, 04, 'Ulpothagama'),
(0472, 04, 'Unuwinna'),
(0473, 04, 'Velamboda'),
(0474, 04, 'Watagoda Harispattuwa'),
(0475, 04, 'Watapuluwa'),
(0476, 04, 'Wattappola'),
(0477, 04, 'Wattegama'),
(0478, 04, 'Weligalla'),
(0479, 04, 'Weligampola'),
(0480, 04, 'Wendaruwa'),
(0481, 04, 'Weragantota'),
(0482, 04, 'Werapitya'),
(0483, 04, 'Werellagama'),
(0484, 04, 'Wettawa'),
(0485, 04, 'Wilanagama'),
(0486, 04, 'Yahalatenna'),
(0487, 04, 'Yatihalagala'),
(0488, 05, 'Akuramboda'),
(0489, 05, 'Alwatta'),
(0490, 05, 'Ambana'),
(0491, 05, 'Ataragallewa'),
(0492, 05, 'Bambaragaswewa'),
(0493, 05, 'Beligamuwa'),
(0494, 05, 'Dambulla'),
(0495, 05, 'Dankanda'),
(0496, 05, 'Devagiriya'),
(0497, 05, 'Dewahuwa'),
(0498, 05, 'Dullewa'),
(0499, 05, 'Dunkolawatta'),
(0500, 05, 'Dunuwilapitiya'),
(0501, 05, 'Elkaduwa'),
(0502, 05, 'Erawula Junction'),
(0503, 05, 'Etanawala'),
(0504, 05, 'Galewela'),
(0505, 05, 'Gammaduwa'),
(0506, 05, 'Gangala Puwakpitiya'),
(0507, 05, 'Handungamuwa'),
(0508, 05, 'Hattota Amuna'),
(0509, 05, 'Imbulgolla'),
(0510, 05, 'Inamaluwa'),
(0511, 05, 'Kaikawala'),
(0512, 05, 'Kalundawa'),
(0513, 05, 'Kandalama'),
(0514, 05, 'Karagahinna'),
(0515, 05, 'Katudeniya'),
(0516, 05, 'Kavudupelella'),
(0517, 05, 'Kibissa'),
(0518, 05, 'Kiwula'),
(0519, 05, 'Kongahawela'),
(0520, 05, 'Laggala Pallegama'),
(0521, 05, 'Leliambe'),
(0522, 05, 'Lenadora'),
(0523, 05, 'lllukkumbura'),
(0524, 05, 'Madawala Ulpotha'),
(0525, 05, 'Madipola'),
(0526, 05, 'Mahawela'),
(0527, 05, 'Mananwatta'),
(0528, 05, 'Maraka'),
(0529, 05, 'Matale'),
(0530, 05, 'Melipitiya'),
(0531, 05, 'Metihakka'),
(0532, 05, 'Millawana'),
(0533, 05, 'Muwandeniya'),
(0534, 05, 'Nalanda'),
(0535, 05, 'Naula'),
(0536, 05, 'Nugagolla'),
(0537, 05, 'Opalgala'),
(0538, 05, 'Ovilikanda'),
(0539, 05, 'Palapathwela'),
(0540, 05, 'Pallepola'),
(0541, 05, 'Perakanatta'),
(0542, 05, 'Pubbiliya'),
(0543, 05, 'Ranamuregama'),
(0544, 05, 'Rattota'),
(0545, 05, 'Selagama'),
(0546, 05, 'Sigiriya'),
(0547, 05, 'Talagoda Junction'),
(0548, 05, 'Talakiriyagama'),
(0549, 05, 'Udasgiriya'),
(0550, 05, 'Udatenna'),
(0551, 05, 'Ukuwela'),
(0552, 05, 'Wahacotte'),
(0553, 05, 'Walawela'),
(0554, 05, 'Wehigala'),
(0555, 05, 'Welangahawatte'),
(0556, 05, 'Wewalawewa'),
(0557, 05, 'Wilgamuwa'),
(0558, 05, 'Yatawatta'),
(0559, 06, 'Agarapathana'),
(0560, 06, 'Ambagamuwa Udabulathgama'),
(0561, 06, 'Ambatalawa'),
(0562, 06, 'Ambewela'),
(0563, 06, 'Bogawantalawa'),
(0564, 06, 'Bopattalawa'),
(0565, 06, 'Dagampitiya'),
(0566, 06, 'Dayagama Bazaar'),
(0567, 06, 'Dikoya'),
(0568, 06, 'Doragala'),
(0569, 06, 'Dunukedeniya'),
(0570, 06, 'Ginigathena'),
(0571, 06, 'Gonakele'),
(0572, 06, 'Haggala'),
(0573, 06, 'Halgranoya'),
(0574, 06, 'Hangarapitiya'),
(0575, 06, 'Hapugastalawa'),
(0576, 06, 'Harangalagama'),
(0577, 06, 'Harasbedda'),
(0578, 06, 'Hatton'),
(0579, 06, 'Hedunuwewa'),
(0580, 06, 'Hitigegama'),
(0581, 06, 'Kalaganwatta'),
(0582, 06, 'Kandapola'),
(0583, 06, 'Katukitula'),
(0584, 06, 'Keerthi Bandarapura'),
(0585, 06, 'Kelanigama'),
(0586, 06, 'Ketaboola'),
(0587, 06, 'Kotagala'),
(0588, 06, 'Kotmale'),
(0589, 06, 'Kottellena'),
(0590, 06, 'Kumbalgamuwa'),
(0591, 06, 'Kumbukwela'),
(0592, 06, 'Kurupanawela'),
(0593, 06, 'Labukele'),
(0594, 06, 'Laxapana'),
(0595, 06, 'Lindula'),
(0596, 06, 'Madulla'),
(0597, 06, 'Maldeniya'),
(0598, 06, 'Maskeliya'),
(0599, 06, 'Maswela'),
(0600, 06, 'Mipanawa'),
(0601, 06, 'Mipilimana'),
(0602, 06, 'Morahenagama'),
(0603, 06, 'Munwatta'),
(0604, 06, 'Nanuoya'),
(0605, 06, 'Nawathispane'),
(0606, 06, 'Nayapana Janapadaya'),
(0607, 06, 'Nildandahinna'),
(0608, 06, 'Nissanka Uyana'),
(0609, 06, 'Norwood'),
(0610, 06, 'Nuwara Eliya'),
(0611, 06, 'Padiyapelella'),
(0612, 06, 'Patana'),
(0613, 06, 'Pattipola'),
(0614, 06, 'Pitawala'),
(0615, 06, 'Pundaluoya'),
(0616, 06, 'Ramboda'),
(0617, 06, 'Rozella'),
(0618, 06, 'Rupaha'),
(0619, 06, 'Ruwaneliya'),
(0620, 06, 'Santhipura'),
(0621, 06, 'Talawakele'),
(0622, 06, 'Teripeha'),
(0623, 06, 'Udamadura'),
(0624, 06, 'Udapussallawa'),
(0625, 06, 'Walapane'),
(0626, 06, 'Watagoda'),
(0627, 06, 'Watawala'),
(0628, 06, 'Widulipura'),
(0629, 06, 'Wijebahukanda'),
(0630, 07, 'Ampilanthurai'),
(0631, 07, 'Araipattai'),
(0632, 07, 'Ayithiyamalai'),
(0633, 07, 'Bakiella'),
(0634, 07, 'Batticaloa'),
(0635, 07, 'Cheddipalayam'),
(0636, 07, 'Chenkaladi'),
(0637, 07, 'Eravur'),
(0638, 07, 'Kalkudah'),
(0639, 07, 'Kallar'),
(0640, 07, 'Kaluwanchikudi'),
(0641, 07, 'Kaluwankemy'),
(0642, 07, 'Kannankudah'),
(0643, 07, 'Karadiyanaru'),
(0644, 07, 'Kathiraveli'),
(0645, 07, 'Kattankudi'),
(0646, 07, 'Kiran'),
(0647, 07, 'Kirankulam'),
(0648, 07, 'Koddaikallar'),
(0649, 07, 'Kokkaddichcholai'),
(0650, 07, 'Kurukkalmadam'),
(0651, 07, 'Mandur'),
(0652, 07, 'Mankemi'),
(0653, 07, 'Miravodai'),
(0654, 07, 'Murakottanchanai'),
(0655, 07, 'Navagirinagar'),
(0656, 07, 'Navatkadu'),
(0657, 07, 'Oddamavadi'),
(0658, 07, 'Panichankemi'),
(0659, 07, 'Pankudavely'),
(0660, 07, 'Periyaporativu'),
(0661, 07, 'Periyapullumalai'),
(0662, 07, 'Pillaiyaradi'),
(0663, 07, 'Punanai'),
(0664, 07, 'Puthukudiyiruppu'),
(0665, 07, 'Thannamunai'),
(0666, 07, 'Thettativu'),
(0667, 07, 'Thikkodai'),
(0668, 07, 'Thirupalugamam'),
(0669, 07, 'Thuraineelavanai'),
(0670, 07, 'Unnichchai'),
(0671, 07, 'Vakaneri'),
(0672, 07, 'Vakarai'),
(0673, 07, 'Valaichenai'),
(0674, 07, 'Vantharumoolai'),
(0675, 07, 'Vellavely'),
(0676, 08, 'Agbopura'),
(0677, 08, 'Buckmigama'),
(0678, 08, 'Chinabay'),
(0679, 08, 'Dehiwatte'),
(0680, 08, 'Echchilampattai'),
(0681, 08, 'Galmetiyawa'),
(0682, 08, 'Gomarankadawala'),
(0683, 08, 'Kaddaiparichchan'),
(0684, 08, 'Kanniya'),
(0685, 08, 'Kantalai'),
(0686, 08, 'Kantalai Sugar Factory'),
(0687, 08, 'Kiliveddy'),
(0688, 08, 'Kinniya'),
(0689, 08, 'Kuchchaveli'),
(0690, 08, 'Kumburupiddy'),
(0691, 08, 'Kurinchakemy'),
(0692, 08, 'Lankapatuna'),
(0693, 08, 'Mahadivulwewa'),
(0694, 08, 'Maharugiramam'),
(0695, 08, 'Mallikativu'),
(0696, 08, 'Mawadichenai'),
(0697, 08, 'Mullipothana'),
(0698, 08, 'Mutur'),
(0699, 08, 'Neelapola'),
(0700, 08, 'Nilaveli'),
(0701, 08, 'Pankulam'),
(0702, 08, 'Rottawewa'),
(0703, 08, 'Sampaltivu'),
(0704, 08, 'Sampur'),
(0705, 08, 'Serunuwara'),
(0706, 08, 'Seruwila'),
(0707, 08, 'Sirajnagar'),
(0708, 08, 'Somapura'),
(0709, 08, 'Tampalakamam'),
(0710, 08, 'Tiriyayi'),
(0711, 08, 'Toppur'),
(0712, 08, 'Trincomalee'),
(0713, 08, 'Vellamanal'),
(0714, 08, 'Wanela'),
(0715, 09, 'Addalaichenai'),
(0716, 09, 'Akkaraipattu'),
(0717, 09, 'Ampara'),
(0718, 09, 'Bakmitiyawa'),
(0719, 09, 'Central Camp'),
(0720, 09, 'Dadayamtalawa'),
(0721, 09, 'Damana'),
(0722, 09, 'Damanewela'),
(0723, 09, 'Deegawapiya'),
(0724, 09, 'Dehiattakandiya'),
(0725, 09, 'Devalahinda'),
(0726, 09, 'Digamadulla Weeragoda'),
(0727, 09, 'Dorakumbura'),
(0728, 09, 'Galapitagala'),
(0729, 09, 'Gonagolla'),
(0730, 09, 'Hingurana'),
(0731, 09, 'Hulannuge'),
(0732, 09, 'Kalmunai'),
(0733, 09, 'Kannakipuram'),
(0734, 09, 'Karativu'),
(0735, 09, 'Kekirihena'),
(0736, 09, 'Koknahara'),
(0737, 09, 'Kolamanthalawa'),
(0738, 09, 'Komari'),
(0739, 09, 'Lahugala'),
(0740, 09, 'lmkkamam'),
(0741, 09, 'Madawalalanda'),
(0742, 09, 'Mahanagapura'),
(0743, 09, 'Mahaoya'),
(0744, 09, 'Malwatta'),
(0745, 09, 'Mangalagama'),
(0746, 09, 'Marathamune'),
(0747, 09, 'Mawanagama'),
(0748, 09, 'Moragahapallama'),
(0749, 09, 'Namaloya'),
(0750, 09, 'Navithanveli'),
(0751, 09, 'Nawamedagama'),
(0752, 09, 'Nintavur'),
(0753, 09, 'Oluvil'),
(0754, 09, 'Padiyatalawa'),
(0755, 09, 'Pahalalanda'),
(0756, 09, 'Palamunai'),
(0757, 09, 'Panama'),
(0758, 09, 'Pannalagama'),
(0759, 09, 'Paragahakele'),
(0760, 09, 'Periyaneelavanai'),
(0761, 09, 'Polwaga Janapadaya'),
(0762, 09, 'Pottuvil'),
(0763, 09, 'Rajagalatenna'),
(0764, 09, 'Sainthamaruthu'),
(0765, 09, 'Samanthurai'),
(0766, 09, 'Serankada'),
(0767, 09, 'Siripura'),
(0768, 09, 'Siyambalawewa'),
(0769, 09, 'Tempitiya'),
(0770, 09, 'Thambiluvil'),
(0771, 09, 'Tirukovil'),
(0772, 09, 'Uhana'),
(0773, 09, 'Wadinagala'),
(0774, 09, 'Wanagamuwa'),
(0775, 09, 'Werunketagoda'),
(0776, 10, 'Allaipiddi'),
(0777, 10, 'Allaveddi'),
(0778, 10, 'Alvai'),
(0779, 10, 'Anaicoddai'),
(0780, 10, 'Analaitivu'),
(0781, 10, 'Atchuveli'),
(0782, 10, 'Chankanai'),
(0783, 10, 'Chavakachcheri'),
(0784, 10, 'Chullipuram'),
(0785, 10, 'Chundikuli'),
(0786, 10, 'Chunnakam'),
(0787, 10, 'Delft'),
(0788, 10, 'DelftWest'),
(0789, 10, 'Eluvaitivu'),
(0790, 10, 'Erlalai'),
(0791, 10, 'Jaffna'),
(0792, 10, 'Kaitadi'),
(0793, 10, 'Kankesanthurai'),
(0794, 10, 'Karainagar'),
(0795, 10, 'Karaveddi'),
(0796, 10, 'Kayts'),
(0797, 10, 'Kodikamam'),
(0798, 10, 'Kokuvil'),
(0799, 10, 'Kondavil'),
(0800, 10, 'Kopay'),
(0801, 10, 'Kudatanai'),
(0802, 10, 'llavalai'),
(0803, 10, 'Mallakam'),
(0804, 10, 'Manipay'),
(0805, 10, 'Mathagal'),
(0806, 10, 'Meesalai'),
(0807, 10, 'Mirusuvil'),
(0808, 10, 'Nagar Kovil'),
(0809, 10, 'Nainathivu'),
(0810, 10, 'Neervely'),
(0811, 10, 'Pandaterippu'),
(0812, 10, 'Point Pedro'),
(0813, 10, 'Pungudutivu'),
(0814, 10, 'Putur'),
(0815, 10, 'Sandilipay'),
(0816, 10, 'Sithankemy'),
(0817, 10, 'Tellippallai'),
(0818, 10, 'Thondamanaru'),
(0819, 10, 'Urumpirai'),
(0820, 10, 'Vaddukoddai'),
(0821, 10, 'Valvettithurai'),
(0822, 10, 'Vannarponnai'),
(0823, 10, 'Varany'),
(0824, 10, 'Vasavilan'),
(0825, 10, 'Velanai'),
(0827, 11, 'Adampan'),
(0828, 11, 'Arippu'),
(0829, 11, 'Athimottai'),
(0830, 11, 'Chilavathurai'),
(0831, 11, 'Erukkalampiddy'),
(0832, 11, 'llluppaikadavai'),
(0833, 11, 'Madhu Church'),
(0834, 11, 'Madhu Road'),
(0835, 11, 'Mannar'),
(0836, 11, 'Marichchi Kaddi'),
(0837, 11, 'Murunkan'),
(0838, 11, 'Nanattan'),
(0839, 11, 'P.P.Potkemy'),
(0840, 11, 'Palampiddy'),
(0841, 11, 'Periyakunchikulam'),
(0842, 11, 'Periyamadhu'),
(0843, 11, 'Pesalai'),
(0844, 11, 'Talaimannar'),
(0845, 11, 'Temple'),
(0846, 11, 'Tharapuram'),
(0847, 11, 'Thiruketheeswaram Temple'),
(0848, 11, 'Uyilankulam'),
(0849, 11, 'Vaddakandal'),
(0850, 11, 'Vankalai'),
(0851, 11, 'Vellan Kulam'),
(0852, 11, 'Vidataltivu'),
(0853, 12, 'Alampil'),
(0854, 12, 'Karuppaddamurippu'),
(0855, 12, 'Kokkilai'),
(0856, 12, 'Kokkuthuoduvai'),
(0857, 12, 'Mankulam'),
(0858, 12, 'Mullativu'),
(0859, 12, 'Mullivaikkal'),
(0860, 12, 'Mulliyawalai'),
(0861, 12, 'Muthauyan Kaddakulam'),
(0862, 12, 'Naddan Kandal'),
(0863, 12, 'Odduchudan'),
(0864, 12, 'Puthuvedduvan'),
(0865, 12, 'Thunukkai'),
(0866, 12, 'Udayarkaddu'),
(0867, 12, 'Vavunakkulam'),
(0868, 12, 'Visvamadukulam'),
(0869, 12, 'Yogapuram'),
(0870, 13, 'Akkarayankulam'),
(0871, 13, 'Cheddikulam'),
(0872, 13, 'Chemamadukkulam'),
(0873, 13, 'Elephant Pass'),
(0874, 13, 'Eluthumadduval'),
(0875, 13, 'Iranai lluppaikulam'),
(0876, 13, 'Iranaitiv'),
(0877, 13, 'Kanagarayankulam'),
(0878, 13, 'Kanavil'),
(0879, 13, 'Kandavalai'),
(0880, 13, 'Kavutharimunai'),
(0881, 13, 'Kilinochchi'),
(0882, 13, 'lyakachchi'),
(0883, 13, 'Mahakachchakodiya'),
(0884, 13, 'Mamaduwa'),
(0885, 13, 'Maraiyadithakulam'),
(0886, 13, 'Mulliyan'),
(0887, 13, 'Murasumoddai'),
(0888, 13, 'Nedunkemy'),
(0889, 13, 'Neriyakulam'),
(0890, 13, 'Omanthai'),
(0891, 13, 'Palamoddai'),
(0892, 13, 'Pallai'),
(0893, 13, 'Pallavarayankaddu'),
(0894, 13, 'Pampaimadu'),
(0895, 13, 'Paranthan'),
(0896, 13, 'Pavaikulam'),
(0897, 13, 'Periyathambanai'),
(0898, 13, 'Periyaulukkulam'),
(0899, 13, 'Purakari Nallur'),
(0900, 13, 'Ramanathapuram'),
(0901, 13, 'Sasthrikulankulam'),
(0902, 13, 'Sivapuram'),
(0903, 13, 'Skanthapuram'),
(0904, 13, 'Thalayadi'),
(0905, 13, 'Tharmapuram'),
(0906, 13, 'Uruthirapuram'),
(0907, 13, 'Vaddakachchi'),
(0908, 13, 'Vannerikkulam'),
(0909, 13, 'Varikkuttiyoor'),
(0910, 13, 'Vavuniya'),
(0911, 13, 'Veravil'),
(0912, 13, 'Vinayagapuram'),
(0956, 14, 'Andiyagala'),
(0957, 14, 'Angamuwa'),
(0958, 14, 'Anuradhapura'),
(0959, 14, 'Awukana'),
(0960, 14, 'Bogahawewa'),
(0961, 14, 'Dematawewa'),
(0962, 14, 'Dunumadalawa'),
(0963, 14, 'Dutuwewa'),
(0964, 14, 'Elayapattuwa'),
(0965, 14, 'Eppawala'),
(0966, 14, 'Etawatunuwewa'),
(0967, 14, 'Etaweeragollewa'),
(0968, 14, 'Galadivulwewa'),
(0969, 14, 'Galenbindunuwewa'),
(0970, 14, 'Galkadawala'),
(0971, 14, 'Galkiriyagama'),
(0972, 14, 'Galkulama'),
(0973, 14, 'Galnewa'),
(0974, 14, 'Gambirigaswewa'),
(0975, 14, 'Ganewalpola'),
(0976, 14, 'Gemunupura'),
(0977, 14, 'Getalawa'),
(0978, 14, 'Gnanikulama'),
(0979, 14, 'Gonahaddenawa'),
(0980, 14, 'Habarana'),
(0981, 14, 'Halmillawa Dambulla'),
(0982, 14, 'Halmillawetiya'),
(0983, 14, 'Hidogama'),
(0984, 14, 'Horawpatana'),
(0985, 14, 'Horiwila'),
(0986, 14, 'Hurigaswewa'),
(0987, 14, 'Hurulunikawewa'),
(0988, 14, 'Kagama'),
(0989, 14, 'Kahatagasdigiliya'),
(0990, 14, 'Kahatagollewa'),
(0991, 14, 'Kalakarambewa'),
(0992, 14, 'Kalankuttiya'),
(0993, 14, 'Kalaoya'),
(0994, 14, 'Kalawedi Ulpotha'),
(0995, 14, 'Kallanchiya'),
(0996, 14, 'Kapugallawa'),
(0997, 14, 'Karagahawewa'),
(0998, 14, 'Katiyawa'),
(0999, 14, 'Kebithigollewa'),
(1000, 14, 'Kekirawa'),
(1001, 14, 'Kendewa'),
(1002, 14, 'Kiralogama'),
(1003, 14, 'Kirigalwewa'),
(1004, 14, 'Kitulhitiyawa'),
(1005, 14, 'Kurundankulama'),
(1006, 14, 'Labunoruwa'),
(1007, 14, 'lhala Halmillewa'),
(1008, 14, 'lhalagama'),
(1009, 14, 'lpologama'),
(1010, 14, 'Madatugama'),
(1011, 14, 'Maha Elagamuwa'),
(1012, 14, 'Mahabulankulama'),
(1013, 14, 'Mahailluppallama'),
(1014, 14, 'Mahakanadarawa'),
(1015, 14, 'Mahapothana'),
(1016, 14, 'Mahasenpura'),
(1017, 14, 'Mahawilachchiya'),
(1018, 14, 'Mailagaswewa'),
(1019, 14, 'Malwanagama'),
(1020, 14, 'Maneruwa'),
(1021, 14, 'Maradankadawala'),
(1022, 14, 'Maradankalla'),
(1023, 14, 'Medawachchiya'),
(1024, 14, 'Megodawewa'),
(1025, 14, 'Mihintale'),
(1026, 14, 'Morakewa'),
(1027, 14, 'Mulkiriyawa'),
(1028, 14, 'Muriyakadawala'),
(1029, 14, 'Nachchaduwa'),
(1030, 14, 'Namalpura'),
(1031, 14, 'Negampaha'),
(1032, 14, 'Nochchiyagama'),
(1033, 14, 'Padavi Maithripura'),
(1034, 14, 'Padavi Parakramapura'),
(1035, 14, 'Padavi Sripura'),
(1036, 14, 'Padavi Sritissapura'),
(1037, 14, 'Padaviya'),
(1038, 14, 'Padikaramaduwa'),
(1039, 14, 'Pahala Halmillewa'),
(1040, 14, 'Pahala Maragahawe'),
(1041, 14, 'Pahalagama'),
(1042, 14, 'Palagala'),
(1043, 14, 'Palugaswewa'),
(1044, 14, 'Pandukabayapura'),
(1045, 14, 'Pandulagama'),
(1046, 14, 'Parakumpura'),
(1047, 14, 'Parangiyawadiya'),
(1048, 14, 'Parasangahawewa'),
(1049, 14, 'Pemaduwa'),
(1050, 14, 'Perimiyankulama'),
(1051, 14, 'Pihimbiyagolewa'),
(1052, 14, 'Pubbogama'),
(1053, 14, 'Puliyankulama'),
(1054, 14, 'Pulmoddai'),
(1055, 14, 'Punewa'),
(1056, 14, 'Rajanganaya'),
(1057, 14, 'Rambewa'),
(1058, 14, 'Rampathwila'),
(1059, 14, 'Ranorawa'),
(1060, 14, 'Rathmalgahawewa'),
(1061, 14, 'Saliyapura'),
(1062, 14, 'Seeppukulama'),
(1063, 14, 'Senapura'),
(1064, 14, 'Sivalakulama'),
(1065, 14, 'Siyambalewa'),
(1066, 14, 'Sravasthipura'),
(1067, 14, 'Talawa'),
(1068, 14, 'Tambuttegama'),
(1069, 14, 'Tammennawa'),
(1070, 14, 'Tantirimale'),
(1071, 14, 'Telhiriyawa'),
(1072, 14, 'Tennamarawadiya'),
(1073, 14, 'Tirappane'),
(1074, 14, 'Tittagonewa'),
(1075, 14, 'Udunuwara Colony'),
(1076, 14, 'Upuldeniya'),
(1077, 14, 'Uttimaduwa'),
(1078, 14, 'Viharapalugama'),
(1079, 14, 'Vijithapura'),
(1080, 14, 'Wahalkada'),
(1081, 14, 'Wahamalgollewa'),
(1082, 14, 'Walagambahuwa'),
(1083, 14, 'Walahaviddawewa'),
(1084, 14, 'Welimuwapotana'),
(1085, 14, 'Welioya Project'),
(1086, 15, 'Alutwewa'),
(1087, 15, 'Aralaganwila'),
(1088, 15, 'Aselapura'),
(1089, 15, 'Attanakadawala'),
(1090, 15, 'Bakamuna'),
(1091, 15, 'Dalukana'),
(1092, 15, 'Damminna'),
(1093, 15, 'Dewagala'),
(1094, 15, 'Dimbulagala'),
(1095, 15, 'Divulankadawala'),
(1096, 15, 'Divuldamana'),
(1097, 15, 'Diyabeduma'),
(1098, 15, 'Diyasenpura'),
(1099, 15, 'Elahera'),
(1100, 15, 'Ellewewa'),
(1101, 15, 'Galamuna'),
(1102, 15, 'Galoya Junction'),
(1103, 15, 'Giritale'),
(1104, 15, 'Hansayapalama'),
(1105, 15, 'Hingurakdamana'),
(1106, 15, 'Hingurakgoda'),
(1107, 15, 'Jayanthipura'),
(1108, 15, 'Jayasiripura'),
(1109, 15, 'Kaduruwela'),
(1110, 15, 'Kalingaela'),
(1111, 15, 'Kalukele Badanagala'),
(1112, 15, 'Kashyapapura'),
(1113, 15, 'Kawudulla'),
(1114, 15, 'Kawuduluwewa Stagell'),
(1115, 15, 'Kottapitiya'),
(1116, 15, 'Kumaragama'),
(1117, 15, 'Lakshauyana'),
(1118, 15, 'Maduruoya'),
(1119, 15, 'Maha Ambagaswewa'),
(1120, 15, 'Mahatalakolawewa'),
(1121, 15, 'Mahawela Sinhapura'),
(1122, 15, 'Mampitiya'),
(1123, 15, 'Medirigiriya'),
(1124, 15, 'Meegaswewa'),
(1125, 15, 'Minneriya'),
(1126, 15, 'Mutugala'),
(1127, 15, 'Nawasenapura'),
(1128, 15, 'Nelumwewa'),
(1129, 15, 'Nuwaragala'),
(1130, 15, 'Onegama'),
(1131, 15, 'Orubendi Siyambalawa'),
(1132, 15, 'Palugasdamana'),
(1133, 15, 'Parakramasamudraya'),
(1134, 15, 'Pelatiyawa'),
(1135, 15, 'Pimburattewa'),
(1136, 15, 'Polonnaruwa'),
(1137, 15, 'Pulastigama'),
(1138, 15, 'Sevanapitiya'),
(1139, 15, 'Sinhagama'),
(1140, 15, 'Sungavila'),
(1141, 15, 'Talpotha'),
(1142, 15, 'Tamankaduwa'),
(1143, 15, 'Tambala'),
(1144, 15, 'Unagalavehera'),
(1145, 15, 'Welikanda'),
(1146, 15, 'Wijayabapura'),
(1147, 15, 'Yodaela'),
(1148, 16, 'Alahengama'),
(1149, 16, 'Alahitiyawa'),
(1150, 16, 'Alawatuwala'),
(1151, 16, 'Alawwa'),
(1152, 16, 'Ambakote'),
(1153, 16, 'Ambanpola'),
(1154, 16, 'Anhandiya'),
(1155, 16, 'Anukkane'),
(1156, 16, 'Aragoda'),
(1157, 16, 'Ataragalla'),
(1158, 16, 'Awulegama'),
(1159, 16, 'Balalla'),
(1160, 16, 'Bamunukotuwa'),
(1161, 16, 'Bandara Koswatta'),
(1162, 16, 'Bingiriya'),
(1163, 16, 'Bogamulla'),
(1164, 16, 'Bopitiya'),
(1165, 16, 'Boraluwewa'),
(1166, 16, 'Boyagane'),
(1167, 16, 'Bujjomuwa'),
(1168, 16, 'Buluwala'),
(1169, 16, 'Dambadeniya'),
(1170, 16, 'Daraluwa'),
(1171, 16, 'Deegalla'),
(1172, 16, 'Delwite'),
(1173, 16, 'Demataluwa'),
(1174, 16, 'Diddeniya'),
(1175, 16, 'Digannewa'),
(1176, 16, 'Divullegoda'),
(1177, 16, 'Dodangaslanda'),
(1178, 16, 'Doratiyawa'),
(1179, 16, 'Dummalasuriya'),
(1180, 16, 'Ehetuwewa'),
(1181, 16, 'Elibichchiya'),
(1182, 16, 'Embogama'),
(1183, 16, 'Etungahakotuwa'),
(1184, 16, 'Galgamuwa'),
(1185, 16, 'Gallewa'),
(1186, 16, 'Girathalana'),
(1187, 16, 'Giriulla'),
(1188, 16, 'Gokaralla'),
(1189, 16, 'Gonawila'),
(1190, 16, 'Halmillawewa'),
(1191, 16, 'Hengamuwa'),
(1192, 16, 'Hettipola'),
(1193, 16, 'Hilogama'),
(1194, 16, 'Hindagolla'),
(1195, 16, 'Hiriyala Lenawa'),
(1196, 16, 'Hiruwalpola'),
(1197, 16, 'Horambawa'),
(1198, 16, 'Hulogedara'),
(1199, 16, 'Hulugalla'),
(1200, 16, 'Hunupola'),
(1201, 16, 'Ihala Gomugomuwa'),
(1202, 16, 'Ihala Katugampala'),
(1203, 16, 'Indulgodakanda'),
(1204, 16, 'Inguruwatta'),
(1205, 16, 'Iriyagolla'),
(1206, 16, 'Ithanawatta'),
(1207, 16, 'Kadigawa'),
(1208, 16, 'Kahapathwala'),
(1209, 16, 'Kalugamuwa'),
(1210, 16, 'Kanadeniyawala'),
(1211, 16, 'Kanattewewa'),
(1212, 16, 'Karagahagedara'),
(1213, 16, 'Karambe'),
(1214, 16, 'Katupota'),
(1215, 16, 'Kekunagolla'),
(1216, 16, 'Keppitiwalana'),
(1217, 16, 'Kimbulwanaoya'),
(1218, 16, 'Kirimetiyawa'),
(1219, 16, 'Kirindawa'),
(1220, 16, 'Kirindigalla'),
(1221, 16, 'Kithalawa'),
(1222, 16, 'Kobeigane'),
(1223, 16, 'Kohilagedara'),
(1224, 16, 'Konwewa'),
(1225, 16, 'Kosdeniya'),
(1226, 16, 'Kosgolla'),
(1227, 16, 'Kotawehera'),
(1228, 16, 'Kudagalgamuwa'),
(1229, 16, 'Kudakatnoruwa'),
(1230, 16, 'Kuliyapitiya'),
(1231, 16, 'Kumbukgeta'),
(1232, 16, 'Kumbukwewa'),
(1233, 16, 'Kuratihena'),
(1234, 16, 'Kurunegala'),
(1235, 16, 'Labbala'),
(1236, 16, 'lbbagamuwa'),
(1237, 16, 'lhala Kadigamuwa'),
(1238, 16, 'llukhena'),
(1239, 16, 'Lonahettiya'),
(1240, 16, 'Madahapola'),
(1241, 16, 'Madakumburumulla'),
(1242, 16, 'Maduragoda'),
(1243, 16, 'Maeliya'),
(1244, 16, 'Magulagama'),
(1245, 16, 'Mahagalkadawala'),
(1246, 16, 'Mahagirilla'),
(1247, 16, 'Mahamukalanyaya'),
(1248, 16, 'Mahananneriya'),
(1249, 16, 'Maharachchimulla'),
(1250, 16, 'Maho'),
(1251, 16, 'Makulewa'),
(1252, 16, 'Makulpotha'),
(1253, 16, 'Makulwewa'),
(1254, 16, 'Malagane'),
(1255, 16, 'Mandapola'),
(1256, 16, 'Maspotha'),
(1257, 16, 'Mawathagama'),
(1258, 16, 'Medivawa'),
(1259, 16, 'Meegalawa'),
(1260, 16, 'Meetanwala'),
(1261, 16, 'Meewellawa'),
(1262, 16, 'Melsiripura'),
(1263, 16, 'Metikumbura'),
(1264, 16, 'Metiyagane'),
(1265, 16, 'Minhettiya'),
(1266, 16, 'Minuwangete'),
(1267, 16, 'Mirihanagama'),
(1268, 16, 'Monnekulama'),
(1269, 16, 'Moragane'),
(1270, 16, 'Moragollagama'),
(1271, 16, 'Morathiha'),
(1272, 16, 'Munamaldeniya'),
(1273, 16, 'Muruthenge'),
(1274, 16, 'Nabadewa'),
(1275, 16, 'Nagollagama'),
(1276, 16, 'Nagollagoda'),
(1277, 16, 'Nakkawatta'),
(1278, 16, 'Narammala'),
(1279, 16, 'Narangoda'),
(1280, 16, 'Nawatalwatta'),
(1281, 16, 'Nelliya'),
(1282, 16, 'Nikadalupotha'),
(1283, 16, 'Nikaweratiya'),
(1284, 16, 'Padeniya'),
(1285, 16, 'Padiwela'),
(1286, 16, 'Pahalagiribawa'),
(1287, 16, 'Pahamune'),
(1288, 16, 'Palukadawala'),
(1289, 16, 'Panadaragama'),
(1290, 16, 'Panagamuwa'),
(1291, 16, 'Panaliya'),
(1292, 16, 'Panliyadda'),
(1293, 16, 'Pannala'),
(1294, 16, 'Pansiyagama'),
(1295, 16, 'Periyakadneluwa'),
(1296, 16, 'Pihimbiya Ratmale'),
(1297, 16, 'Pihimbuwa'),
(1298, 16, 'Pilessa'),
(1299, 16, 'Polgahawela'),
(1300, 16, 'Polpitigama'),
(1301, 16, 'Pothuhera'),
(1302, 16, 'Puswelitenna'),
(1303, 16, 'Ridibendiella'),
(1304, 16, 'Ridigama'),
(1305, 16, 'Saliya Asokapura'),
(1306, 16, 'Sandalankawa'),
(1307, 16, 'Sirisetagama'),
(1308, 16, 'Siyambalangamuwa'),
(1309, 16, 'Solepura'),
(1310, 16, 'Solewewa'),
(1311, 16, 'Sunandapura'),
(1312, 16, 'Talawattegedara'),
(1313, 16, 'Tambutta'),
(1314, 16, 'Thalahitimulla'),
(1315, 16, 'Thalakolawewa'),
(1316, 16, 'Thalwita'),
(1317, 16, 'Thambagalla'),
(1318, 16, 'Tharana Udawela'),
(1319, 16, 'Thimbiriyawa'),
(1320, 16, 'Tisogama'),
(1321, 16, 'Torayaya'),
(1322, 16, 'Tuttiripitigama'),
(1323, 16, 'Udubaddawa'),
(1324, 16, 'Uhumiya'),
(1325, 16, 'Ulpotha Pallekele'),
(1326, 16, 'Usgala Siyabmalangamuwa'),
(1327, 16, 'Wadakada'),
(1328, 16, 'Wadumunnegedara'),
(1329, 16, 'Walakumburumulla'),
(1330, 16, 'Wannigama'),
(1331, 16, 'Wannikudawewa'),
(1332, 16, 'Wannilhalagama'),
(1333, 16, 'Wannirasnayakapura'),
(1334, 16, 'Warawewa'),
(1335, 16, 'Wariyapola'),
(1336, 16, 'Watuwatta'),
(1337, 16, 'Weerapokuna'),
(1338, 16, 'Welawa Juncton'),
(1339, 16, 'Welipennagahamulla'),
(1340, 16, 'Wellagala'),
(1341, 16, 'Wellarawa'),
(1342, 16, 'Wellawa'),
(1343, 16, 'Welpalla'),
(1344, 16, 'Wennoruwa'),
(1345, 16, 'Weuda'),
(1346, 16, 'Wewagama'),
(1347, 16, 'Yakwila'),
(1348, 16, 'Yatigaloluwa'),
(1349, 17, 'Adippala'),
(1350, 17, 'Ambakandawila'),
(1351, 17, 'Anamaduwa'),
(1352, 17, 'Andigama'),
(1353, 17, 'Angunawila'),
(1354, 17, 'Arachchikattuwa'),
(1355, 17, 'Attawilluwa'),
(1356, 17, 'Bangadeniya'),
(1357, 17, 'Baranankattuwa'),
(1358, 17, 'Battuluoya'),
(1359, 17, 'Bujjampola'),
(1360, 17, 'Chilaw'),
(1361, 17, 'Dankotuwa'),
(1362, 17, 'Dunkannawa'),
(1363, 17, 'Eluwankulama'),
(1364, 17, 'Ettale'),
(1365, 17, 'Galmuruwa'),
(1366, 17, 'Ihala Kottaramulla'),
(1367, 17, 'Ihala Puliyankulama'),
(1368, 17, 'Ilippadeniya'),
(1369, 17, 'Inginimitiya'),
(1370, 17, 'Ismailpuram'),
(1371, 17, 'Kakkapalliya'),
(1372, 17, 'Kalladiya'),
(1373, 17, 'Kalpitiya'),
(1374, 17, 'Kandakuliya'),
(1375, 17, 'Karativponparappi'),
(1376, 17, 'Karawitagara'),
(1377, 17, 'Karuwalagaswewa'),
(1378, 17, 'Katuneriya'),
(1379, 17, 'Kirimundalama'),
(1380, 17, 'Koswatta'),
(1381, 17, 'Kottantivu'),
(1382, 17, 'Kottukachchiya'),
(1383, 17, 'Kudawewa'),
(1384, 17, 'Kumarakattuwa'),
(1385, 17, 'Kurinjanpitiya'),
(1386, 17, 'Kuruketiyawa'),
(1387, 17, 'Lihiriyagama'),
(1388, 17, 'Lunuwila'),
(1389, 17, 'Madampe'),
(1390, 17, 'Madurankuliya'),
(1391, 17, 'Mahakumbukkadawala'),
(1392, 17, 'Mahauswewa'),
(1393, 17, 'Mahawewa'),
(1394, 17, 'Mampuri'),
(1395, 17, 'Mangalaeliya'),
(1396, 17, 'Marawila'),
(1397, 17, 'Mudalakkuliya'),
(1398, 17, 'Mugunuwatawana'),
(1399, 17, 'Mukkutoduwawa'),
(1400, 17, 'Mundel'),
(1401, 17, 'Muttibendiwila'),
(1402, 17, 'Nainamadama'),
(1403, 17, 'Nalladarankattuwa'),
(1404, 17, 'Nattandiya'),
(1405, 17, 'Nawagattegama'),
(1406, 17, 'Norachcholai'),
(1407, 17, 'Palaviya'),
(1408, 17, 'Pallama'),
(1409, 17, 'Palliwasalturai'),
(1410, 17, 'Panirendawa'),
(1411, 17, 'Pothuwatawana'),
(1412, 17, 'Puttalam'),
(1413, 17, 'Puttalam Cement Factory'),
(1414, 17, 'Rajakadaluwa'),
(1415, 17, 'Saliyawewa Junction'),
(1416, 17, 'Serukele'),
(1417, 17, 'Sirambiadiya'),
(1418, 17, 'Siyambalagashene'),
(1419, 17, 'Tabbowa'),
(1420, 17, 'Talawila Church'),
(1421, 17, 'Toduwawa'),
(1422, 17, 'Udappuwa'),
(1423, 17, 'Uridyawa'),
(1424, 17, 'Vanathawilluwa'),
(1425, 17, 'Waikkal'),
(1426, 17, 'Watugahamulla'),
(1427, 17, 'Wennappuwa'),
(1428, 17, 'Wijeyakatupotha'),
(1429, 17, 'Wilpotha'),
(1430, 17, 'Yogiyana'),
(1431, 18, 'Akarella'),
(1432, 18, 'Atakalanpanna'),
(1433, 18, 'Ayagama'),
(1434, 18, 'Balangoda'),
(1435, 18, 'Batatota'),
(1436, 18, 'Belihuloya'),
(1437, 18, 'Bolthumbe'),
(1438, 18, 'Bomluwageaina'),
(1439, 18, 'Bulutota'),
(1440, 18, 'Dambuluwana'),
(1441, 18, 'Daugala'),
(1442, 18, 'Dela'),
(1443, 18, 'Delwala'),
(1444, 18, 'Demuwatha'),
(1445, 18, 'Dodampe'),
(1446, 18, 'Doloswalakanda'),
(1447, 18, 'Dumbara Manana'),
(1448, 18, 'Eheliyagoda'),
(1449, 18, 'Elapatha'),
(1450, 18, 'Ellagawa'),
(1451, 18, 'Ellaulla'),
(1452, 18, 'Ellawala'),
(1453, 18, 'Embilipitiya'),
(1454, 18, 'Eratna'),
(1455, 18, 'Erepola'),
(1456, 18, 'Gabbela'),
(1457, 18, 'Gallella'),
(1458, 18, 'Gangeyaya'),
(1459, 18, 'Gawaragiriya'),
(1460, 18, 'Getahetta'),
(1461, 18, 'Gillimale'),
(1462, 18, 'Godagampola'),
(1463, 18, 'Godakawela'),
(1464, 18, 'Gurubewilagama'),
(1465, 18, 'Halpe'),
(1466, 18, 'Halwinna'),
(1467, 18, 'Handagiriya'),
(1468, 18, 'Hapugastenna'),
(1469, 18, 'Hatangala'),
(1470, 18, 'Hatarabage'),
(1471, 18, 'Hidellana'),
(1472, 18, 'Hiramadagama'),
(1473, 18, 'Ihalagama'),
(1474, 18, 'Ittakanda'),
(1475, 18, 'Kahangama'),
(1476, 18, 'Kahawatta'),
(1477, 18, 'Kalawana'),
(1478, 18, 'Kaltota'),
(1479, 18, 'Karandana'),
(1480, 18, 'Karangoda'),
(1481, 18, 'Kella Junction'),
(1482, 18, 'Kiriella'),
(1483, 18, 'Kolambageara'),
(1484, 18, 'Kolombugama'),
(1485, 18, 'Kolonna'),
(1486, 18, 'Kudawa'),
(1487, 18, 'Kuruwita'),
(1488, 18, 'Lellopitiya'),
(1489, 18, 'lmbulpe'),
(1490, 18, 'Madalagama'),
(1491, 18, 'Mahawalatenna'),
(1492, 18, 'Makandura Sabara'),
(1493, 18, 'Malwala Junction'),
(1494, 18, 'Marapana'),
(1495, 18, 'Matuwagalagama'),
(1496, 18, 'Medagalatur'),
(1497, 18, 'Meddekanda'),
(1498, 18, 'Minipura Dumbara'),
(1499, 18, 'Mitipola'),
(1500, 18, 'Morahela'),
(1501, 18, 'Mulendiyawala'),
(1502, 18, 'Mulgama'),
(1503, 18, 'Nawalakanda'),
(1504, 18, 'NawinnaPinnakanda'),
(1505, 18, 'Niralagama'),
(1506, 18, 'Nivitigala'),
(1507, 18, 'Omalpe'),
(1508, 18, 'Opanayaka'),
(1509, 18, 'Padalangala'),
(1510, 18, 'Pallebedda'),
(1511, 18, 'Pambagolla'),
(1512, 18, 'Panamura'),
(1513, 18, 'Panapitiya'),
(1514, 18, 'Panapola'),
(1515, 18, 'Panawala'),
(1516, 18, 'Parakaduwa'),
(1517, 18, 'Pebotuwa'),
(1518, 18, 'Pelmadulla'),
(1519, 18, 'Pimbura'),
(1520, 18, 'Pinnawala'),
(1521, 18, 'Pothupitiya'),
(1522, 18, 'Rajawaka'),
(1523, 18, 'Rakwana'),
(1524, 18, 'Ranwala'),
(1525, 18, 'Rassagala'),
(1526, 18, 'Ratna Hangamuwa'),
(1527, 18, 'Ratnapura'),
(1528, 18, 'Samanalawewa'),
(1529, 18, 'Sri Palabaddala'),
(1530, 18, 'Sudagala'),
(1531, 18, 'Talakolahinna'),
(1532, 18, 'Tanjantenna'),
(1533, 18, 'Teppanawa'),
(1534, 18, 'Tunkama'),
(1535, 18, 'Udaha Hawupe'),
(1536, 18, 'Udakarawita'),
(1537, 18, 'Udaniriella'),
(1538, 18, 'Udawalawe'),
(1539, 18, 'Ullinduwawa'),
(1540, 18, 'Veddagala'),
(1541, 18, 'Vijeriya'),
(1542, 18, 'Waleboda'),
(1543, 18, 'Watapotha'),
(1544, 18, 'Waturawa'),
(1545, 18, 'Weligepola'),
(1546, 18, 'Welipathayaya'),
(1547, 18, 'Wewelwatta'),
(1548, 18, 'Wikiliya'),
(1549, 19, 'Alawatura'),
(1550, 19, 'Algama'),
(1551, 19, 'Alutnuwara'),
(1552, 19, 'Ambalakanda'),
(1553, 19, 'Ambulugala'),
(1554, 19, 'Amitirigala'),
(1555, 19, 'Ampagala'),
(1556, 19, 'Anhettigama'),
(1557, 19, 'Aranayaka'),
(1558, 19, 'Aruggammana'),
(1559, 19, 'Atale'),
(1560, 19, 'Batuwita'),
(1561, 19, 'Beligala(Sab)'),
(1562, 19, 'Berannawa'),
(1563, 19, 'Bopitiya (SAB)'),
(1564, 19, 'Boralankada'),
(1565, 19, 'Bossella'),
(1566, 19, 'Bulathkohupitiya'),
(1567, 19, 'Damunupola'),
(1568, 19, 'Debathgama'),
(1569, 19, 'Dedugala'),
(1570, 19, 'Deewala Pallegama'),
(1571, 19, 'Dehiowita'),
(1572, 19, 'Deldeniya'),
(1573, 19, 'Deloluwa'),
(1574, 19, 'Deraniyagala'),
(1575, 19, 'Dewalegama'),
(1576, 19, 'Dewanagala'),
(1577, 19, 'Dombemada'),
(1578, 19, 'Dorawaka'),
(1579, 19, 'Dunumala'),
(1580, 19, 'Galapitamada'),
(1581, 19, 'Galatara'),
(1582, 19, 'Galigamuwa Town'),
(1583, 19, 'Galpatha(Sab)'),
(1584, 19, 'Gantuna'),
(1585, 19, 'Gonagala'),
(1586, 19, 'Hakahinna'),
(1587, 19, 'Hakbellawaka'),
(1588, 19, 'Helamada'),
(1589, 19, 'Hemmatagama'),
(1590, 19, 'Hettimulla'),
(1591, 19, 'Hewadiwela'),
(1592, 19, 'Hingula'),
(1593, 19, 'Hinguralakanda'),
(1594, 19, 'Hiriwadunna'),
(1595, 19, 'Imbulana'),
(1596, 19, 'Imbulgasdeniya'),
(1597, 19, 'Kabagamuwa'),
(1598, 19, 'Kannattota'),
(1599, 19, 'Kegalle'),
(1600, 19, 'Kehelpannala'),
(1601, 19, 'Kitulgala'),
(1602, 19, 'Kondeniya'),
(1603, 19, 'Kotiyakumbura'),
(1604, 19, 'Lewangama'),
(1605, 19, 'Mahabage'),
(1606, 19, 'Mahapallegama'),
(1607, 19, 'Maharangalla'),
(1608, 19, 'Makehelwala'),
(1609, 19, 'Malalpola'),
(1610, 19, 'Maliboda'),
(1611, 19, 'Malmaduwa'),
(1612, 19, 'Mawanella'),
(1613, 19, 'Migastenna Sabara'),
(1614, 19, 'Miyanawita'),
(1615, 19, 'Molagoda'),
(1616, 19, 'Morontota'),
(1617, 19, 'Nelundeniya'),
(1618, 19, 'Niyadurupola'),
(1619, 19, 'Noori'),
(1620, 19, 'Parape'),
(1621, 19, 'Pattampitiya'),
(1622, 19, 'Pinnawala'),
(1623, 19, 'Pitagaldeniya'),
(1624, 19, 'Pothukoladeniya'),
(1625, 19, 'Rambukkana'),
(1626, 19, 'Ruwanwella'),
(1627, 19, 'Seaforth Colony'),
(1628, 19, 'Talgaspitiya'),
(1629, 19, 'Teligama'),
(1630, 19, 'Tholangamuwa'),
(1631, 19, 'Thotawella'),
(1632, 19, 'Tulhiriya'),
(1633, 19, 'Tuntota'),
(1634, 19, 'Udagaldeniya'),
(1635, 19, 'Udapotha'),
(1636, 19, 'Udumulla'),
(1637, 19, 'Undugoda'),
(1638, 19, 'Ussapitiya'),
(1639, 19, 'Wahakula'),
(1640, 19, 'Waharaka'),
(1641, 19, 'Warakapola'),
(1642, 19, 'Watura'),
(1643, 19, 'Weeoya'),
(1644, 19, 'Wegalla'),
(1645, 19, 'Welihelatenna'),
(1646, 19, 'Weragala'),
(1647, 19, 'Yatagama'),
(1648, 19, 'Yatapana'),
(1649, 19, 'Yatiyantota'),
(1650, 19, 'Yattogoda'),
(1651, 20, 'Agaliya'),
(1652, 20, 'Ahangama'),
(1653, 20, 'Ahungalla'),
(1654, 20, 'Akmeemana'),
(1655, 20, 'Aluthwala'),
(1656, 20, 'Ambalangoda'),
(1657, 20, 'Ampegama'),
(1658, 20, 'Amugoda'),
(1659, 20, 'Anangoda'),
(1660, 20, 'Angulugaha'),
(1661, 20, 'Ankokkawala'),
(1662, 20, 'Baddegama'),
(1663, 20, 'Balapitiya'),
(1664, 20, 'Banagala'),
(1665, 20, 'Batapola'),
(1666, 20, 'Bentota'),
(1667, 20, 'Boossa'),
(1668, 20, 'Dikkumbura'),
(1669, 20, 'Dodanduwa'),
(1670, 20, 'Ella Tanabaddegama'),
(1671, 20, 'Elpitiya'),
(1672, 20, 'Ethkandura'),
(1673, 20, 'Galle'),
(1674, 20, 'Ganegoda'),
(1675, 20, 'Ginimellagaha'),
(1676, 20, 'Gintota'),
(1677, 20, 'Godahena'),
(1678, 20, 'Gonagalpura'),
(1679, 20, 'Gonamulla Junction'),
(1680, 20, 'Gonapinuwala'),
(1681, 20, 'Habaraduwa'),
(1682, 20, 'Haburugala'),
(1683, 20, 'Halvitigala Colony'),
(1684, 20, 'Hapugala'),
(1685, 20, 'Hawpe'),
(1686, 20, 'Hikkaduwa'),
(1687, 20, 'Hinatigala'),
(1688, 20, 'Hiniduma'),
(1689, 20, 'Hiyare'),
(1690, 20, 'Ihala Walpola'),
(1691, 20, 'Induruwa'),
(1692, 20, 'Kahaduwa'),
(1693, 20, 'Kahawa'),
(1694, 20, 'Kananke Bazaar'),
(1695, 20, 'Karagoda'),
(1696, 20, 'Karandeniya'),
(1697, 20, 'Karapitiya'),
(1698, 20, 'Koggala'),
(1699, 20, 'Kosgoda'),
(1700, 20, 'Kottawagama'),
(1701, 20, 'Kuleegoda'),
(1702, 20, 'lhalahewessa'),
(1703, 20, 'lmaduwa'),
(1704, 20, 'lnduruwa'),
(1705, 20, 'Magedara'),
(1706, 20, 'Malgalla Talangalla'),
(1707, 20, 'Mapalagama'),
(1708, 20, 'Mapalagama Central'),
(1709, 20, 'Mattaka'),
(1710, 20, 'Meda-Keembiya'),
(1711, 20, 'Meetiyagoda'),
(1712, 20, 'Miriswatta'),
(1713, 20, 'Nagoda'),
(1714, 20, 'Nakiyadeniya'),
(1715, 20, 'Nawadagala'),
(1716, 20, 'Neluwa'),
(1717, 20, 'Nindana'),
(1718, 20, 'Opatha'),
(1719, 20, 'Panangala'),
(1720, 20, 'Pannimulla Panagoda'),
(1721, 20, 'Parana ThanaYamgoda'),
(1722, 20, 'Pitigala'),
(1723, 20, 'Poddala'),
(1724, 20, 'Porawagama'),
(1725, 20, 'Rantotuwila'),
(1726, 20, 'Ratgama'),
(1727, 20, 'Talagampola'),
(1728, 20, 'Talgaspe'),
(1729, 20, 'Talgaswela'),
(1730, 20, 'Talpe'),
(1731, 20, 'Tawalama'),
(1732, 20, 'Tiranagama'),
(1733, 20, 'Udalamatta'),
(1734, 20, 'Udugama'),
(1735, 20, 'Uluvitike'),
(1736, 20, 'Unawatuna'),
(1737, 20, 'Unenwitiya'),
(1738, 20, 'Uragaha'),
(1739, 20, 'Uragasmanhandiya'),
(1740, 20, 'Wakwella'),
(1741, 20, 'Walahanduwa'),
(1742, 20, 'Wanchawela'),
(1743, 20, 'Wanduramba'),
(1744, 20, 'Warukandeniya'),
(1745, 20, 'Watugedara'),
(1746, 20, 'Weihena'),
(1747, 20, 'Yakkalamulla'),
(1748, 20, 'Yatalamatta'),
(1749, 21, 'Akuressa'),
(1750, 21, 'Alapaladeniya'),
(1751, 21, 'Aparekka'),
(1752, 21, 'Athuraliya'),
(1753, 21, 'Bengamuwa'),
(1754, 21, 'Beralapanathara'),
(1755, 21, 'Bopagoda'),
(1756, 21, 'Dampahala'),
(1757, 21, 'Deegala Lenama'),
(1758, 21, 'Deiyandara'),
(1759, 21, 'Dellawa'),
(1760, 21, 'Denagama'),
(1761, 21, 'Denipitiya'),
(1762, 21, 'Deniyaya'),
(1763, 21, 'Derangala'),
(1764, 21, 'Devinuwara (Dondra)'),
(1765, 21, 'Dikwella'),
(1766, 21, 'Diyagaha'),
(1767, 21, 'Diyalape'),
(1768, 21, 'Gandara'),
(1769, 21, 'Godapitiya'),
(1770, 21, 'Gomilamawarala'),
(1771, 21, 'Hakmana'),
(1772, 21, 'Handugala'),
(1773, 21, 'Horapawita'),
(1774, 21, 'Kalubowitiyana'),
(1775, 21, 'Kamburugamuwa'),
(1776, 21, 'Kamburupitiya'),
(1777, 21, 'Karagoda Uyangoda'),
(1778, 21, 'Karaputugala'),
(1779, 21, 'Karatota'),
(1780, 21, 'Kekanadurra'),
(1781, 21, 'Kiriweldola'),
(1782, 21, 'Kiriwelkele'),
(1783, 21, 'Kolawenigama'),
(1784, 21, 'Kotapola'),
(1785, 21, 'Kottegoda'),
(1786, 21, 'Lankagama'),
(1787, 21, 'Makandura'),
(1788, 21, 'Maliduwa'),
(1789, 21, 'Maramba'),
(1790, 21, 'Matara'),
(1791, 21, 'Mediripitiya'),
(1792, 21, 'Miella'),
(1793, 21, 'Mirissa'),
(1794, 21, 'Moragala Kirillapone'),
(1795, 21, 'Morawaka'),
(1796, 21, 'Mulatiyana Junction'),
(1797, 21, 'Nadugala'),
(1798, 21, 'Naimana'),
(1799, 21, 'Narawelpita'),
(1800, 21, 'Pahala Millawa'),
(1801, 21, 'Palatuwa'),
(1802, 21, 'Paragala'),
(1803, 21, 'Parapamulla'),
(1804, 21, 'Pasgoda'),
(1805, 21, 'Penetiyana'),
(1806, 21, 'Pitabeddara'),
(1807, 21, 'Polhena'),
(1808, 21, 'Pothdeniya'),
(1809, 21, 'Puhulwella'),
(1810, 21, 'Radawela'),
(1811, 21, 'Ransegoda'),
(1812, 21, 'Ratmale'),
(1813, 21, 'Rotumba'),
(1814, 21, 'Siyambalagoda'),
(1815, 21, 'Sultanagoda'),
(1816, 21, 'Telijjawila'),
(1817, 21, 'Thihagoda'),
(1818, 21, 'Urubokka'),
(1819, 21, 'Urugamuwa'),
(1820, 21, 'Urumutta'),
(1821, 21, 'Viharahena'),
(1822, 21, 'Walakanda'),
(1823, 21, 'Walasgala'),
(1824, 21, 'Walpola'),
(1825, 21, 'Waralla'),
(1826, 21, 'Weligama'),
(1827, 21, 'Wilpita'),
(1828, 21, 'Yatiyana'),
(1829, 22, 'Ambalantota'),
(1830, 22, 'Angunakolapelessa'),
(1831, 22, 'Bandagiriya Colony'),
(1832, 22, 'Barawakumbuka'),
(1833, 22, 'Beliatta'),
(1834, 22, 'Beragama'),
(1835, 22, 'Beralihela'),
(1836, 22, 'Bowalagama'),
(1837, 22, 'Bundala'),
(1838, 22, 'Ellagala'),
(1839, 22, 'Gangulandeniya'),
(1840, 22, 'Getamanna'),
(1841, 22, 'Goda Koggalla'),
(1842, 22, 'Gonagamuwa Uduwila'),
(1843, 22, 'Gonnoruwa'),
(1844, 22, 'Hakuruwela'),
(1845, 22, 'Hambantota'),
(1846, 22, 'Horewelagoda'),
(1847, 22, 'Hungama'),
(1848, 22, 'Ihala Beligalla'),
(1849, 22, 'Ittademaliya'),
(1850, 22, 'Julampitiya'),
(1851, 22, 'Kahandamodara'),
(1852, 22, 'Kariyamaditta'),
(1853, 22, 'Katuwana'),
(1854, 22, 'Kawantissapura'),
(1855, 22, 'Kirama'),
(1856, 22, 'Kirinda'),
(1857, 22, 'Lunama'),
(1858, 22, 'Lunugamwehera'),
(1859, 22, 'Magama'),
(1860, 22, 'Mahagalwewa'),
(1861, 22, 'Mamadala'),
(1862, 22, 'Medamulana'),
(1863, 22, 'Middeniya'),
(1864, 22, 'Migahajandur'),
(1865, 22, 'Modarawana'),
(1866, 22, 'Mulkirigala'),
(1867, 22, 'Nakulugamuwa'),
(1868, 22, 'Netolpitiya'),
(1869, 22, 'Nihiluwa'),
(1870, 22, 'Padawkema'),
(1871, 22, 'Pahala Andarawewa'),
(1872, 22, 'Pallekanda'),
(1873, 22, 'Rammalawarapitiya'),
(1874, 22, 'Ranakeliya'),
(1875, 22, 'Ranmuduwewa'),
(1876, 22, 'Ranna'),
(1877, 22, 'Ratmalwala'),
(1878, 22, 'RU/Ridiyagama'),
(1879, 22, 'Sooriyawewa Town'),
(1880, 22, 'Tangalla'),
(1881, 22, 'Tissamaharama'),
(1882, 22, 'Uda Gomadiya'),
(1883, 22, 'Udamattala'),
(1884, 22, 'Uswewa'),
(1885, 22, 'Vitharandeniya'),
(1886, 22, 'Walasmulla'),
(1887, 22, 'Weeraketiya'),
(1888, 22, 'Weerawila'),
(1889, 22, 'Weerawila NewTown'),
(1890, 22, 'Wekandawela'),
(1891, 22, 'Weligatta'),
(1892, 22, 'Yala'),
(1893, 22, 'Yatigala'),
(1894, 23, 'Akkarasiyaya'),
(1895, 23, 'Aluketiyawa'),
(1896, 23, 'Aluttaramma'),
(1897, 23, 'Ambadandegama'),
(1898, 23, 'Ambagahawatta'),
(1899, 23, 'Ambagasdowa'),
(1900, 23, 'Amunumulla'),
(1901, 23, 'Arawa'),
(1902, 23, 'Arawakumbura'),
(1903, 23, 'Arawatta'),
(1904, 23, 'Atakiriya'),
(1905, 23, 'Badulla'),
(1906, 23, 'Baduluoya'),
(1907, 23, 'Ballaketuwa'),
(1908, 23, 'Bambarapana'),
(1909, 23, 'Bandarawela'),
(1910, 23, 'Beramada'),
(1911, 23, 'Bibilegama'),
(1912, 23, 'Bogahakumbura'),
(1913, 23, 'Boralanda'),
(1914, 23, 'Bowela'),
(1915, 23, 'Dambana'),
(1916, 23, 'Demodara'),
(1917, 23, 'Diganatenna'),
(1918, 23, 'Dikkapitiya'),
(1919, 23, 'Dimbulana'),
(1920, 23, 'Divulapelessa'),
(1921, 23, 'Diyatalawa'),
(1922, 23, 'Dulgolla'),
(1923, 23, 'Egodawela'),
(1924, 23, 'Ella'),
(1925, 23, 'Ettampitiya'),
(1926, 23, 'Galauda'),
(1927, 23, 'Galedanda'),
(1928, 23, 'Galporuyaya'),
(1929, 23, 'Gamewela'),
(1930, 23, 'Gawarawela'),
(1931, 23, 'Girandurukotte'),
(1932, 23, 'Godunna'),
(1933, 23, 'Gurutalawa'),
(1934, 23, 'Haldummulla'),
(1935, 23, 'Hali Ela'),
(1936, 23, 'Hangunnawa'),
(1937, 23, 'Haputale'),
(1938, 23, 'Hebarawa'),
(1939, 23, 'Heeloya'),
(1940, 23, 'Helahalpe'),
(1941, 23, 'Helapupula'),
(1942, 23, 'Hewanakumbura'),
(1943, 23, 'Hingurukaduwa'),
(1944, 23, 'Hopton'),
(1945, 23, 'Idalgashinna'),
(1946, 23, 'Jangulla'),
(1947, 23, 'Kahataruppa'),
(1948, 23, 'Kalubululanda'),
(1949, 23, 'Kalugahakandura'),
(1950, 23, 'Kalupahana'),
(1951, 23, 'Kandaketya'),
(1952, 23, 'Kandegedara'),
(1953, 23, 'Kandepuhulpola'),
(1954, 23, 'Kebillawela'),
(1955, 23, 'Kendagolla'),
(1956, 23, 'Keppetipola'),
(1957, 23, 'Keselpotha'),
(1958, 23, 'Ketawatta'),
(1959, 23, 'Kiriwanagama'),
(1960, 23, 'Koslanda'),
(1961, 23, 'Kotamuduna'),
(1962, 23, 'Kuruwitenna'),
(1963, 23, 'Kuttiyagolla'),
(1964, 23, 'Landewela'),
(1965, 23, 'Liyangahawela'),
(1966, 23, 'Lunugala'),
(1967, 23, 'Lunuwatta'),
(1968, 23, 'Madulsima'),
(1969, 23, 'Mahiyanganaya'),
(1970, 23, 'Makulella'),
(1971, 23, 'Malgoda'),
(1972, 23, 'Maliyadda'),
(1973, 23, 'Mapakadawewa'),
(1974, 23, 'Maspanna'),
(1975, 23, 'Maussagolla'),
(1976, 23, 'Medawela Udukinda'),
(1977, 23, 'Medawelagama'),
(1978, 23, 'Meegahakiula'),
(1979, 23, 'Metigahatenna'),
(1980, 23, 'Mirahawatta'),
(1981, 23, 'Miriyabedda'),
(1982, 23, 'Miyanakandura'),
(1983, 23, 'Namunukula'),
(1984, 23, 'Narangala'),
(1985, 23, 'Nelumgama'),
(1986, 23, 'Nikapotha'),
(1987, 23, 'Nugatalawa'),
(1988, 23, 'Ohiya'),
(1989, 23, 'Pahalarathkinda'),
(1990, 23, 'Pallekiruwa'),
(1991, 23, 'Passara'),
(1992, 23, 'Pathanewatta'),
(1993, 23, 'Pattiyagedara'),
(1994, 23, 'Pelagahatenna'),
(1995, 23, 'Perawella'),
(1996, 23, 'Pitamaruwa'),
(1997, 23, 'Pitapola'),
(1998, 23, 'Puhulpola'),
(1999, 23, 'Ratkarawwa'),
(2000, 23, 'Ridimaliyadda'),
(2001, 23, 'Rilpola'),
(2002, 23, 'Silmiyapura'),
(2003, 23, 'Sirimalgoda'),
(2004, 23, 'Sorabora Colony'),
(2005, 23, 'Soragune'),
(2006, 23, 'Soranatota'),
(2007, 23, 'Spring Valley'),
(2008, 23, 'Taldena'),
(2009, 23, 'Tennepanguwa'),
(2010, 23, 'Timbirigaspitiya'),
(2011, 23, 'Uduhawara'),
(2012, 23, 'Uraniya'),
(2013, 23, 'Uva Deegalla'),
(2014, 23, 'Uva Karandagolla'),
(2015, 23, 'Uva Mawelagama'),
(2016, 23, 'Uva Tenna'),
(2017, 23, 'Uva Tissapura'),
(2018, 23, 'Uva Uduwara'),
(2019, 23, 'Uvaparanagama'),
(2020, 23, 'Welimada'),
(2021, 23, 'Wewatta'),
(2022, 23, 'Wineethagama'),
(2023, 23, 'Yalagamuwa'),
(2024, 23, 'Yalwela'),
(2025, 24, 'Angunakolawewa'),
(2026, 24, 'Ayiwela'),
(2027, 24, 'Badalkumbura'),
(2028, 24, 'Baduluwela'),
(2029, 24, 'Bakinigahawela'),
(2030, 24, 'Balaharuwa'),
(2031, 24, 'Bibile'),
(2032, 24, 'Boragas'),
(2033, 24, 'Buddama'),
(2034, 24, 'Buttala'),
(2035, 24, 'Dambagalla'),
(2036, 24, 'Diyakobala'),
(2037, 24, 'Dombagahawela'),
(2038, 24, 'Ekamutugama'),
(2039, 24, 'Ekiriyankumbura'),
(2040, 24, 'Ethimalewewa'),
(2041, 24, 'Ettiliwewa'),
(2042, 24, 'Galabedda'),
(2043, 24, 'Hambegamuwa'),
(2044, 24, 'Hulandawa'),
(2045, 24, 'Inginiyagala'),
(2046, 24, 'Kandaudapanguwa'),
(2047, 24, 'Kandawinna'),
(2048, 24, 'Kataragama'),
(2049, 24, 'Kiriibbanwewa'),
(2050, 24, 'Kotagama'),
(2051, 24, 'Kotawehera Mankada'),
(2052, 24, 'Kotiyagala'),
(2053, 24, 'Kumbukkana'),
(2054, 24, 'Mahagama Colony'),
(2055, 24, 'Marawa'),
(2056, 24, 'Mariarawa'),
(2057, 24, 'Medagana'),
(2058, 24, 'Monaragala'),
(2059, 24, 'Moretuwegama'),
(2060, 24, 'Nakkala'),
(2061, 24, 'Nannapurawa'),
(2062, 24, 'Nelliyadda'),
(2063, 24, 'Nilgala'),
(2064, 24, 'Obbegoda'),
(2065, 24, 'Okkampitiya'),
(2066, 24, 'Pangura'),
(2067, 24, 'Pitakumbura'),
(2068, 24, 'Randeniya'),
(2069, 24, 'Ruwalwela'),
(2070, 24, 'Sella Kataragama'),
(2071, 24, 'Sewanagala'),
(2072, 24, 'Siyambalagune'),
(2073, 24, 'Siyambalanduwa'),
(2074, 24, 'Suriara'),
(2075, 24, 'Tanamalwila'),
(2076, 24, 'Uva Gangodagama'),
(2077, 24, 'Uva Kudaoya'),
(2078, 24, 'Uva Pelwatta'),
(2079, 24, 'Warunagama'),
(2080, 24, 'Wedikumbura'),
(2081, 24, 'Weherayaya Handapanagala'),
(2082, 24, 'Wellawaya'),
(2083, 24, 'Wilaoya'),
(2084, 03, 'Sarikkamulla');
INSERT INTO `sl_city` (`c_id`, `d_id`, `c_name`) VALUES
(2085, 20, 'Heenatigala'),
(2086, 22, 'Mraketiara'),
(2087, 01, 'Mirihana'),
(2088, 02, 'Mahara'),
(2089, 25, 'Kilinochchi');

-- --------------------------------------------------------

--
-- Table structure for table `sl_district`
--

CREATE TABLE IF NOT EXISTS `sl_district` (
  `d_id` int(2) unsigned zerofill NOT NULL,
  `p_id` int(2) unsigned zerofill NOT NULL,
  `d_name` varchar(100) COLLATE utf8_unicode_ci NOT NULL,
  PRIMARY KEY (`d_id`,`p_id`) USING BTREE
) ENGINE=InnoDB DEFAULT CHARSET=utf8 COLLATE=utf8_unicode_ci;

--
-- Dumping data for table `sl_district`
--

INSERT INTO `sl_district` (`d_id`, `p_id`, `d_name`) VALUES
(01, 09, 'Colombo'),
(02, 09, 'Gampaha'),
(03, 09, 'Kalutara'),
(04, 01, 'Kandy'),
(05, 01, 'Matale'),
(06, 01, 'Nuwaraeliya'),
(07, 02, 'Batticaloa'),
(08, 02, 'Trincomalee'),
(09, 02, 'Ampara'),
(10, 05, 'Jaffna'),
(11, 05, 'Mannar'),
(12, 05, 'Mullaitivu'),
(13, 05, 'Vavuniya'),
(14, 03, 'Anuradhapura'),
(15, 03, 'Polonnaruwa'),
(16, 04, 'Kurunegala'),
(17, 04, 'Puttalam'),
(18, 06, 'Ratnapura'),
(19, 06, 'Kegalle'),
(20, 07, 'Galle'),
(21, 07, 'Matara'),
(22, 07, 'Hambantota'),
(23, 08, 'Badulla'),
(24, 08, 'Monaragala'),
(25, 05, 'Kilinochchi');

-- --------------------------------------------------------

--
-- Table structure for table `upload_data`
--

CREATE TABLE IF NOT EXISTS `upload_data` (
  `upload_id` int(10) unsigned NOT NULL AUTO_INCREMENT,
  `upload_path` varchar(300) COLLATE utf8_unicode_ci NOT NULL,
  `upload_ref` varchar(45) COLLATE utf8_unicode_ci NOT NULL,
  `upload_ref2` varchar(45) COLLATE utf8_unicode_ci DEFAULT NULL,
  `upload_type_id` int(10) unsigned NOT NULL,
  `upload_title` varchar(150) COLLATE utf8_unicode_ci DEFAULT NULL,
  `upload_alter` varchar(150) COLLATE utf8_unicode_ci DEFAULT NULL,
  `featured` varchar(1) COLLATE utf8_unicode_ci DEFAULT NULL,
  PRIMARY KEY (`upload_id`,`upload_type_id`,`upload_ref`)
) ENGINE=InnoDB  DEFAULT CHARSET=utf8 COLLATE=utf8_unicode_ci AUTO_INCREMENT=4 ;

--
-- Dumping data for table `upload_data`
--

INSERT INTO `upload_data` (`upload_id`, `upload_path`, `upload_ref`, `upload_ref2`, `upload_type_id`, `upload_title`, `upload_alter`, `featured`) VALUES
(1, '3BWlcrS0Mtalx0jrGVgSWxvLvIYG8M20170105172125.jpg', '01', '', 2, '', '', '1'),
(2, 'lSh1cFhXLByD1fNprIe6YBB46Z69Mt20170105175052.jpg', '02', '', 2, '', '', '1'),
(3, 'uMxNpq7WSsUI6KSHPBv1eTLf4X6txC20170105175150.jpg', '03', '', 2, '', '', '1');

/*!40101 SET CHARACTER_SET_CLIENT=@OLD_CHARACTER_SET_CLIENT */;
/*!40101 SET CHARACTER_SET_RESULTS=@OLD_CHARACTER_SET_RESULTS */;
/*!40101 SET COLLATION_CONNECTION=@OLD_COLLATION_CONNECTION */;
